Kanji,ON,KN,K.Meaning,Level,Words.A,Words.B,Words.C
日,NICHI・JITSU,hi・ka,day・sun,BGN,日記。日付。日付。明日。昨日。平日,祝日。先日。日光。日常。日時。来日,日程。当日。日帰り。日用品。日の出。日陰
月,GETSU・GATSU,tsuki,month・moon,BGN,先月。来月。今月。満月。年月。月末,月給。月謝。毎月。正月。月収。翌月,月並み。生年月日。同月。月間。月光。月夜
火,KA,hi,fire,BGN,火。火災。火山。花火。火事。防火,下火。火星。噴火。火薬。火傷。消火,山火事。火災保険。導火線。焚き火。火力。火器
水,SUI,mizu,water,BGN,水。水道。水泳。水素。香水。淡水,水分。水平。水源。水筒。洪水。潜水,降水。水準。下水。水曜日。水蒸気。海水浴
木,BOKU・MOKU,ki・ko,tree・wood,BGN,木。木材。並木。木綿。木工。庭木,,
金,KIN・KON,kane・kana,gold,BGN,金。黄金。黄金。金属。現金。金融,賃金。預金。基金。送金。借金。貯金,料金。税金。金銭。代金。針金。募金
土,DO・TO,tsuchi,earth・soil・ground,BGN,土産。国土。土地。土曜。土曜。領土,土台。風土。土壌。粘土。本土。土木,郷土。土器。土建屋。土地改革。国土地理院
曜,YOU,,weekday,BGN,日曜。月曜。土曜。金曜。木曜。火曜,水曜。曜日,七曜星。七曜表
一,ICHI・ITSU,hito,one,BGN,一致。一番。一緒。一寸。一日。一度,統一 。万一。唯一。一旦。一流。一定,一つ。 一応。一昨年。一休み。一生懸命
二,NI,futa,two,BGN,二人,,二つ
三,SAN,mi,three,BGN,再三,,三つ
四,SHI,yo・yon,four,BGN,四季,,四つ
五,GO,itsu,five,BGN,五輪,,五つ
六,ROKU,mu,six,BGN,六日,,六つ
七,SICHI,nana・nano,seven,BGN,七月,,七つ
八,HACHI,ya・you,eight,BGN,八月,,八つ。八百屋
九,KYUU,kokono,nine,BGN,,,
十,JUU,too・to,ten,BGN,,,
百,HYAKU,,hundred,BGN,,,
千,SEN,chi,thousand,BGN,,,
万,MAN・BAN,,ten thousand,BGN,,,
半,HAN,naka,half・middle,BGN,,,
数,SUU・SU,kazu・kazo,number・strength,BGN,,,
円,EN,maru,yen・circle・round,BGN,,,
分,BUN・FUN・BU,wa,part・understand・minute,BGN,,,
時,JI,toki,time・hour,BGN,,,
週,SHUU,,week,BGN,,,
年,NEN,toshi,year,BGN,,,
今,KON・KIN,ima,now・present,BGN,,,
初,SHO,haji・hatsu・so,first time,BGN,,,
始,SHI,haji,start・begin,BGN,,,
終,SHUU,o,end,BGN,,,
何,KA,nani,what,BGN,,,
回,KAI・E,mawa,times・around・turn,BGN,,,
台,DAI・TAI,,stand・pedestal,BGN,,,
度,DO・TO・TAKU,tabi,degrees・occurrence,BGN,,,
代,DAI・TAI,ka・yo・shiro,substitute・period,BGN,,,
点,TEN,,point・mark・spot,BGN,,,
番,BAN,,turn・number series,BGN,,,
倍,BAI,,fold・times・twice,BGN,,,
上,JOU・SHOU,a・ue・nobo,above・up・top,BGN,,,
下,KA・GE,shita・sa・kuda・shimo,below・down・descend,BGN,,,
右,U・YUU,migi,right,BGN,,,
左,SA,hidari,left,BGN,,,
前,ZEN,mae,before・in front,BGN,,,
後,GO・KOU,ato・ushi・nochi,behind・back・later,BGN,,,
午,GO,,noon,BGN,,,
以,I,,by means of・compared with,BGN,,,
所,SHO,tokoro,place・aspect,BGN,,,
中,CHUU・JUU,naka,in・inside・middle,BGN,,,
間,KAN・KEN,aida・ma,space・interval,BGN,,,
横,OU,yoko,sideways・width・horizontal,BGN,,,
東,TOU,higashi,east,BGN,,,
西,SEI・SAI,nishi,west,BGN,,,
南,NAN・NA,minami,south,BGN,,,
北,HOKU,kita,north,BGN,,,
山,SAN,yama,mountain,BGN,,,
川,SEN,kawa,river,BGN,,,
池,CHI,ike,pond,BGN,,,
海,KAI,umi,sea,BGN,,,
田,DEN,ta,rice field,BGN,,,
野,YA,no,plains・field,BGN,,,
林,RIN,hayashi,grove・forest,INT,,,
森,SHIN,mori,forest・woods,INT,,,
地,CHI・JI,,ground・earth,BGN,,,
島,TOU,shima,island,INT,,,
洋,YOU,,western・ocean・sea,BGN,,,
世,SEI・SE,yo,generation・world・society,BGN,,,
界,KAI,,world・boundary,BGN,,,
図,ZU・TO,e・haka,map・drawing・plan,BGN,,,
形,KEI・GYOU,kata・Karachi,shape・form・style,INT,,,
表,HYOU,omote・arawa,surface・table・chart・diagram,INT,,,
大,DAI・TAI,oo,big・large,BGN,,,
小,SHOU,chii・ko・o,small・little,BGN,,,
多,TA,oo,many・frequent,BGN,,,
少,SHOU,suku・suko,few・little,BGN,,,
高,KOU,taka,tall・high・expensive,BGN,,,
安,AN,yasu,cheap・relax・peaceful,BGN,,,
低,TEI,hiku,lower・short・humble,INT,,,
広,KOU,hiro,wide・broad・spacious・spread,BGN,,,
太,TAI・TA,futo,fat・big・thick,INT,,,
早,SOU,haya,early・fast・hasten,BGN,,,
近,KIN,chika,near・close・akin,BGN,,,
遠,EN・ON,too,far・distant,INT,,,
新,SHIN,atara・ara,new,BGN,,,
古,KO,furu,old,BGN,,,
良,RYOU,yo・i,good・pleasing・skilled,INT,,,
悪,AKU・O,waru・a,bad・wrong,BGN,,,
私,SHI,watashi・watakushi,i・me・private,BGN,,,
父,FU,chichi,father,BGN,,,
母,BO,haha,mother,BGN,,,
子,SHI・SU,ko,kid,BGN,,,
兄,KEI・KYOU,ani,older brother,BGN,,,
弟,TEI・DAI・DE,otouto,younger brother,BGN,,,
姉,SHI,ane,older sister,BGN,,,
妹,MAI,imouto,younger sister,BGN,,,
親,SHIN,oya・shita,parent・intimacy・relative,BGN,,,
族,ZOKU,,family,BGN,,,
男,DAN・NAN,otoko,man・male,BGN,,,
女,JO・NYO・NYOU,onna・me,woman・female,BGN,,,
夫,FU・FUU,otto,husband・man,INT,,,
妻,SAI,tsuma,wife・spouse,INT,,,
主,SHU・SU,nushi・omo,lord・chief・master・main thing,BGN,,,
奥,OO,oku,heart・interior・inner part,INT,,,
人,JIN・NIN,hito,person,BGN,,,
者,SHA,mono,person・someone,BGN,,,
友,YUU,tomo,friend,BGN,,,
民,MIN,tami,people・citizen・subjects,INT,,,
員,IN,,employee・member・in charge,BGN,,,
達,TATSU,tachi,reach・attain・arrive,INT,,,
朝,CHOU,asa,morning,BGN,,,
昼,CHUU,hiru,noon・daytime,BGN,,,
夕,SEKI,yuu,evening,BGN,,,
夜,YA,yo・yoru,night・evening,BGN,,,
晩,BAN,,night・nightfall,INT,,,
毎,MAI,,every,BGN,,,
先,SEN,saki・ma,before・ahead・previous,BGN,,,
次,JI・SHI,tsu・tsugi,next・order・sequence・follow,INT,,,
予,YO,,beforehand・previous,INT,,,
定,TEI・JOU,sada,determine・fix・establish・decide,INT,,,
立,RITSU・RYUU,ta,stand・put up・set up・erect・rise,BGN,,,
歩,HO・BU・FU,aru・ayu,walk,BGN,,,
走,SOU,hashi,run,BGN,,,
登,TOU・TO,nobo,ascend・climb up,INT,,,
止,SHI,to・ya・yo・sa,stop・halt,BGN,,,
駐,CHUU,,park・stop over・reside,INT,,,
入,NYUU,i・hai,enter・insert,BGN,,,
出,SHUTSU・SUI,de・da,exit・leave・go out・put out,BGN,,,
去,KYO・KO,sa,gone・past・leave・elapse,BGN,過去。去年。撤去。除去。退去。消去,死去。去就。国外退去。過去最高,去る。連れ去る。置き去り。忘れ去る
起,KI,o,wake up・get up・awaken・cause,BGN,起床。起源。縁起。躍起。起因。起訴,提起。起用。再起。喚起。起爆。起工,起きる。起こす。起こる。 発起。発起人
寝,SHIN,ne,sleep・lie down,INT,昼寝。寝坊。寝台。寝室。寝言。就寝,寝具。早寝。寝床。寝巻き。寝不足,寝る。寝かせる。寝かす。寝付く。寝過ごす
乗,JOU,no,ride・board・mount・place on,INT,乗客。搭乗。便乗。分乗。試乗。相乗,相乗り。名乗り。乗車券。乗組員。搭乗券,乗る。乗せる。乗り物。乗り換える。乗っ取る
降,KOU,fu・o,fall・descend・ precipitate,INT,降水。以降。降伏。降雪。降雨。降格,降水量。雨降り。下降。降車。滑降,降りる。降る。降り注ぐ。乗降
忙,BOU,isoga,busy・occupied,INT,多忙。忙殺。繁忙,,忙しい。繁忙期
急,KYUU,iso,hurry・sudden・emergency,BGN,急。急行。特急。急速。急激。至急,緊急。応急。急流。早急。急増。緩急,急ぐ。急かす。救急車。急成長。超特急。急降下
座,ZA,suwa,sit down・seat,INT,座席。星座。銀座。口座。講座。王座,即座。一座。座敷,座る。座布団。座談会
泳,EI,oyo,swim,INT,水泳。競泳。泳者。遠泳,,泳ぐ。泳ぎ回る。立ち泳ぎ
泣,KYUU,na,cry・weep・moan,INT,泣く。泣き声。泣き出す。泣かせる,,
家,KA・KE,ie・ya・uchi,house・home・expert,BGN,家族。家庭。作家。家具。家事。農家,国家。家出。家畜。画家。家賃。大家,家主。 貸家。実業家。専門家。芸術家
校,KOU,,school,BGN,学校。校長。高校。校舎。校庭,登校。母校。校歌。校則。開校,高校生。専門学校。小学校。将校。休校。校閲
,,,,,,,
,,,,,,,
,,,,,,,
,,,,,,,
,,,,,,,
,,,,,,,
,,,,,,,
,,,,,,,
,,,,,,,
,,,,,,,
,,,,,,,
,,,,,,,
,,,,,,,
,,,,,,,
,,,,,,,
,,,,,,,
,,,,,,,
,,,,,,,
,,,,,,,
,,,,,,,
,,,,,,,
,,,,,,,
,,,,,,,
,,,,,,,
,,,,,,,
,,,,,,,
,,,,,,,
,,,,,,,
,,,,,,,
,,,,,,,
,,,,,,,
,,,,,,,
,,,,,,,
,,,,,,,
,,,,,,,
,,,,,,,
,,,,,,,
,,,,,,,
,,,,,,,
,,,,,,,
,,,,,,,
,,,,,,,
,,,,,,,
,,,,,,,
,,,,,,,
,,,,,,,
,,,,,,,
,,,,,,,
,,,,,,,
,,,,,,,
,,,,,,,
,,,,,,,
,,,,,,,
,,,,,,,
,,,,,,,
,,,,,,,
,,,,,,,
,,,,,,,
,,,,,,,
,,,,,,,
,,,,,,,
,,,,,,,
,,,,,,,
,,,,,,,
,,,,,,,
,,,,,,,
,,,,,,,
,,,,,,,
,,,,,,,
,,,,,,,
,,,,,,,
,,,,,,,
,,,,,,,
,,,,,,,
,,,,,,,
,,,,,,,
,,,,,,,
,,,,,,,
,,,,,,,
,,,,,,,
,,,,,,,
,,,,,,,
,,,,,,,
,,,,,,,
,,,,,,,
,,,,,,,
,,,,,,,
,,,,,,,
,,,,,,,
,,,,,,,
,,,,,,,
,,,,,,,
,,,,,,,
,,,,,,,
,,,,,,,
,,,,,,,
,,,,,,,
,,,,,,,
,,,,,,,
,,,,,,,
,,,,,,,
,,,,,,,
,,,,,,,
,,,,,,,
,,,,,,,
,,,,,,,
,,,,,,,
,,,,,,,
,,,,,,,
,,,,,,,
,,,,,,,
,,,,,,,
,,,,,,,
,,,,,,,
,,,,,,,
,,,,,,,
,,,,,,,
,,,,,,,
,,,,,,,
,,,,,,,
,,,,,,,
,,,,,,,
,,,,,,,
,,,,,,,
,,,,,,,
,,,,,,,
,,,,,,,
,,,,,,,
,,,,,,,
,,,,,,,
,,,,,,,
,,,,,,,
,,,,,,,
,,,,,,,
,,,,,,,
,,,,,,,
,,,,,,,
,,,,,,,
,,,,,,,
,,,,,,,
,,,,,,,
,,,,,,,
,,,,,,,
,,,,,,,
,,,,,,,
,,,,,,,
,,,,,,,
,,,,,,,
,,,,,,,
,,,,,,,
,,,,,,,
,,,,,,,
,,,,,,,
,,,,,,,
,,,,,,,
,,,,,,,
,,,,,,,
,,,,,,,
,,,,,,,
,,,,,,,
,,,,,,,
,,,,,,,
,,,,,,,
,,,,,,,
,,,,,,,
,,,,,,,
,,,,,,,
,,,,,,,
,,,,,,,
,,,,,,,
,,,,,,,
,,,,,,,
,,,,,,,
,,,,,,,
,,,,,,,
,,,,,,,
,,,,,,,
,,,,,,,
,,,,,,,
,,,,,,,
,,,,,,,
,,,,,,,
,,,,,,,
,,,,,,,
,,,,,,,
,,,,,,,
,,,,,,,
,,,,,,,
,,,,,,,
,,,,,,,
,,,,,,,
,,,,,,,
,,,,,,,
,,,,,,,
,,,,,,,
,,,,,,,
,,,,,,,
,,,,,,,
,,,,,,,
,,,,,,,
,,,,,,,
,,,,,,,
,,,,,,,
,,,,,,,
,,,,,,,
,,,,,,,
,,,,,,,
,,,,,,,
,,,,,,,
,,,,,,,
,,,,,,,
,,,,,,,
,,,,,,,
,,,,,,,
,,,,,,,
,,,,,,,
,,,,,,,
,,,,,,,
,,,,,,,
,,,,,,,
,,,,,,,
,,,,,,,
,,,,,,,
,,,,,,,
,,,,,,,
,,,,,,,
,,,,,,,
,,,,,,,
,,,,,,,
,,,,,,,
,,,,,,,
,,,,,,,
,,,,,,,
,,,,,,,
,,,,,,,
,,,,,,,
丁,CHOU・TEI,,street・ward・town・tools,ADV,丁度。包丁。丁寧。丁目。丁重。横丁,,
丈,JOU,take,length・height・stature,ADV,丈。丈夫。頑丈。背丈,,大丈夫
与,YO,ata,bestow・give・impart・participate,INT,給与。与党。関与。寄与。授与,与信。投与。供与。貸与。付与。贈与,賞与。参与。譲与。与える。分け与える
丑,CHUU,sushi,sign of the ox,ADV,丑,,丑の日
丘,KYUU,oka,hill,ADV,丘。丘陵。砂丘,,
両,RYOU,,both,INT,両親。両方。両替。両側。両立。両手,両者。両腕。車両。両面。両端。両極,両足。両社。両用。両天秤
並,HEI・OU,na・nami・nara,row・line up,INT,並木。並行。並列。並立,,並ぶ。並べる。月並み。町並み。足並み。軒並み
巨,KYO,,big・gigantic・large,INT,巨額。巨大。巨人。巨匠。巨木。巨体,,巨視的。巨大地震
串,,kushi,skewer,ADV,串。牛串。魚串。金串。竹串,,串焼き。串団子。串揚げ。串刺し
丸,GAN,maru,round・full・roll up,INT,丸。弾丸。丸太。丸薬。一丸,真ん丸。丸焼け。丸焼き。丸写し。丸々,丸い。丸で。日の丸。丸める。丸まる。丸め込む
丹,TAN,,rust-colored・red・sincerity,ADV,丹念。丹精,,
丼,,donburi,bowl・bowl of food,ADV,牛丼。天丼,,親子丼。カツ丼
久,KYUU・KU,hisa,long time・old story,INT,永久。持久。耐久。恒久,久々。半永久,久しぶり。耐久性。恒久的。永久凍土
及,KYUU,oyo,reach out・exert・exercise・cause,ADV,普及。追及。言及。及第。波及,,及ぶ。及ぼす。説き及ぶ。自己言及
乏,BOU,tobo,destitution・scarce・limited,ADV,貧乏。欠乏,,乏しい。貧乏人。器用貧乏。酸素欠乏
乙,OTSU,,the latter・duplicate・strange,ADV,乙。乙姫。乙女,,早乙女
乱,RAN,mida,riot・war・disorder,INT,反乱。乱用。混乱。乱暴。内乱。乱闘,散乱。乱雑。乱入。乱視。錯乱,乱れ。乱す。乱れる。乱気流。取り乱す
乳,NYUU,chichi・chi,milk・breast,INT,乳。牛乳。乳房。乳首。哺乳。母乳,豆乳。生乳。乳酸。乳児。乳業。人工乳,乳製品。哺乳類。哺乳瓶。乳幼児。低脂肪乳
乾,KAN・KEN,kawa,dry・drought・dessicate,INT,乾杯。乾燥。乾季。乾物。速乾,,乾く。乾かす。 乾き。乾電池。乾燥機
了,RYOU,,complete・finish,INT,了。完了。終了。了解。了承。修了,魅了。了見。読了。未了。販売終了,了解済み。試合終了。終了後。伝送終了
,,,,,,,
,,,,,,,
,,,,,,,
,,,,,,,
,,,,,,,
,,,,,,,
,,,,,,,
,,,,,,,
,,,,,,,
,,,,,,,
,,,,,,,
,,,,,,,
,,,,,,,
,,,,,,,
,,,,,,,
,,,,,,,
,,,,,,,
,,,,,,,
,,,,,,,
,,,,,,,
,,,,,,,
,,,,,,,
,,,,,,,
,,,,,,,
,,,,,,,
,,,,,,,
,,,,,,,
,,,,,,,
,,,,,,,
,,,,,,,
,,,,,,,
,,,,,,,
,,,,,,,
,,,,,,,
,,,,,,,
,,,,,,,
,,,,,,,
,,,,,,,
,,,,,,,
,,,,,,,
,,,,,,,
,,,,,,,
,,,,,,,
,,,,,,,
,,,,,,,
,,,,,,,
,,,,,,,
,,,,,,,
,,,,,,,
,,,,,,,
,,,,,,,
,,,,,,,
,,,,,,,
,,,,,,,
,,,,,,,
,,,,,,,
,,,,,,,
,,,,,,,
,,,,,,,
,,,,,,,
,,,,,,,
,,,,,,,
,,,,,,,
,,,,,,,
,,,,,,,
,,,,,,,
,,,,,,,
,,,,,,,
,,,,,,,
,,,,,,,
,,,,,,,
,,,,,,,
,,,,,,,
,,,,,,,
,,,,,,,
,,,,,,,
,,,,,,,
,,,,,,,
,,,,,,,
,,,,,,,
,,,,,,,
,,,,,,,
,,,,,,,
,,,,,,,
,,,,,,,
,,,,,,,
,,,,,,,
,,,,,,,
,,,,,,,
,,,,,,,
,,,,,,,
,,,,,,,
,,,,,,,
,,,,,,,
,,,,,,,
,,,,,,,
,,,,,,,
,,,,,,,
,,,,,,,
,,,,,,,
,,,,,,,
,,,,,,,
,,,,,,,
,,,,,,,
,,,,,,,
,,,,,,,
,,,,,,,
,,,,,,,
,,,,,,,
,,,,,,,
,,,,,,,
,,,,,,,
,,,,,,,
,,,,,,,
,,,,,,,
,,,,,,,
,,,,,,,
,,,,,,,
,,,,,,,
,,,,,,,
,,,,,,,
,,,,,,,
,,,,,,,
,,,,,,,
,,,,,,,
,,,,,,,
,,,,,,,
,,,,,,,
,,,,,,,
,,,,,,,
,,,,,,,
,,,,,,,
,,,,,,,
,,,,,,,
,,,,,,,
,,,,,,,
,,,,,,,
,,,,,,,
,,,,,,,
,,,,,,,
,,,,,,,
,,,,,,,
,,,,,,,
,,,,,,,
,,,,,,,
,,,,,,,
,,,,,,,
,,,,,,,
,,,,,,,
,,,,,,,
,,,,,,,
,,,,,,,
,,,,,,,
,,,,,,,
,,,,,,,
,,,,,,,
,,,,,,,
,,,,,,,
,,,,,,,
,,,,,,,
,,,,,,,
,,,,,,,
,,,,,,,
,,,,,,,
,,,,,,,
,,,,,,,
,,,,,,,
,,,,,,,
,,,,,,,
,,,,,,,
,,,,,,,
,,,,,,,
,,,,,,,
,,,,,,,
,,,,,,,
,,,,,,,
,,,,,,,
,,,,,,,
,,,,,,,
,,,,,,,
,,,,,,,
,,,,,,,
,,,,,,,
,,,,,,,
,,,,,,,
,,,,,,,
,,,,,,,
,,,,,,,
,,,,,,,
,,,,,,,
,,,,,,,
,,,,,,,
,,,,,,,
,,,,,,,
,,,,,,,
,,,,,,,
,,,,,,,
,,,,,,,
,,,,,,,
,,,,,,,
,,,,,,,
,,,,,,,
,,,,,,,
,,,,,,,
,,,,,,,
,,,,,,,
,,,,,,,
,,,,,,,
,,,,,,,
,,,,,,,
,,,,,,,
,,,,,,,
,,,,,,,
,,,,,,,
,,,,,,,
,,,,,,,
,,,,,,,
,,,,,,,
,,,,,,,
,,,,,,,
,,,,,,,
,,,,,,,
,,,,,,,
,,,,,,,
,,,,,,,
,,,,,,,
,,,,,,,
,,,,,,,
,,,,,,,
,,,,,,,
,,,,,,,
,,,,,,,
,,,,,,,
,,,,,,,
,,,,,,,
,,,,,,,
,,,,,,,
,,,,,,,
,,,,,,,
,,,,,,,
,,,,,,,
,,,,,,,
,,,,,,,
,,,,,,,
,,,,,,,
,,,,,,,
,,,,,,,
,,,,,,,
,,,,,,,
,,,,,,,
,,,,,,,
,,,,,,,
,,,,,,,
,,,,,,,
,,,,,,,
,,,,,,,
,,,,,,,
,,,,,,,
,,,,,,,
,,,,,,,
,,,,,,,
,,,,,,,
,,,,,,,
,,,,,,,
,,,,,,,
,,,,,,,
,,,,,,,
,,,,,,,
,,,,,,,
,,,,,,,
,,,,,,,
,,,,,,,
,,,,,,,
,,,,,,,
,,,,,,,
,,,,,,,
,,,,,,,
,,,,,,,
,,,,,,,
,,,,,,,
,,,,,,,
,,,,,,,
,,,,,,,
,,,,,,,
,,,,,,,
,,,,,,,
,,,,,,,
,,,,,,,
,,,,,,,
,,,,,,,
,,,,,,,
,,,,,,,
,,,,,,,
,,,,,,,
,,,,,,,
,,,,,,,
,,,,,,,
,,,,,,,
,,,,,,,
,,,,,,,
,,,,,,,
,,,,,,,
,,,,,,,
,,,,,,,
,,,,,,,
,,,,,,,
,,,,,,,
,,,,,,,
,,,,,,,
,,,,,,,
,,,,,,,
,,,,,,,
,,,,,,,
,,,,,,,
,,,,,,,
,,,,,,,
,,,,,,,
,,,,,,,
,,,,,,,
,,,,,,,
,,,,,,,
,,,,,,,
,,,,,,,
,,,,,,,
,,,,,,,
,,,,,,,
,,,,,,,
,,,,,,,
,,,,,,,
,,,,,,,
,,,,,,,
,,,,,,,
,,,,,,,
,,,,,,,
,,,,,,,
,,,,,,,
,,,,,,,
,,,,,,,
,,,,,,,
,,,,,,,
,,,,,,,
,,,,,,,
,,,,,,,
,,,,,,,
,,,,,,,
,,,,,,,
,,,,,,,
,,,,,,,
,,,,,,,
,,,,,,,
,,,,,,,
,,,,,,,
,,,,,,,
,,,,,,,
,,,,,,,
,,,,,,,
,,,,,,,
,,,,,,,
,,,,,,,
,,,,,,,
,,,,,,,
,,,,,,,
,,,,,,,
,,,,,,,
,,,,,,,
,,,,,,,
,,,,,,,
,,,,,,,
,,,,,,,
,,,,,,,
,,,,,,,
,,,,,,,
,,,,,,,
,,,,,,,
,,,,,,,
,,,,,,,
,,,,,,,
,,,,,,,
,,,,,,,
,,,,,,,
,,,,,,,
,,,,,,,
,,,,,,,
,,,,,,,
,,,,,,,
,,,,,,,
,,,,,,,
,,,,,,,
,,,,,,,
,,,,,,,
,,,,,,,
,,,,,,,
,,,,,,,
,,,,,,,
,,,,,,,
,,,,,,,
,,,,,,,
,,,,,,,
,,,,,,,
,,,,,,,
,,,,,,,
,,,,,,,
,,,,,,,
,,,,,,,
庁,CHOU,,government office,INT,官庁。庁舎。都庁。県庁,,気象庁。防衛庁。特許庁。市庁舎
序,JO,,preface・beginning・order,ADV,順序。秩序。序章。序文,,年功序列
床,SHOU,toko・yuka,bed・floor,INT,床。床屋。起床。病床。床下。寝床,臨床。温床,床入り。臨床医
底,TEI,soko,bottom・sole・depth,INT,底。徹底。根底。到底。海底。心底,底辺。底力。基底。川底。靴底。底流,底値。奥底。徹底的。底抜け。海底油田
庫,KO・KU,,warehouse・storehouse,INT,金庫。車庫。倉庫。在庫。文庫,国庫。宝庫。公庫,冷蔵庫。冷凍庫。格納庫
康,KOU,,ease・peace,ADV,健康。小康,健康的。不健康,健康食品。健康保険。健康診断
庶,SHO,,commoner,ADV,庶民。庶務。庶子,,庶民的。庶務課
廃,HAI,suta,abolish・obsolete・cessation,ADV,廃止。荒廃。廃棄。廃墟。撤廃。廃業,廃絶。廃屋。廃刊。廃案。廃材。退廃,廃坑。廃棄物。廃れる。廃る。退廃的
,,,,,,,
,,,,,,,
,,,,,,,
,,,,,,,
,,,,,,,
,,,,,,,
,,,,,,,
,,,,,,,
,,,,,,,
,,,,,,,
,,,,,,,
,,,,,,,
,,,,,,,
,,,,,,,
,,,,,,,
,,,,,,,
,,,,,,,
,,,,,,,
,,,,,,,
,,,,,,,
,,,,,,,
,,,,,,,
,,,,,,,
,,,,,,,
,,,,,,,
,,,,,,,
,,,,,,,
,,,,,,,
,,,,,,,
,,,,,,,
,,,,,,,
,,,,,,,
,,,,,,,
,,,,,,,
,,,,,,,
,,,,,,,
,,,,,,,
,,,,,,,
,,,,,,,
,,,,,,,
,,,,,,,
,,,,,,,
,,,,,,,
,,,,,,,
,,,,,,,
,,,,,,,
,,,,,,,
,,,,,,,
,,,,,,,
,,,,,,,
,,,,,,,
,,,,,,,
,,,,,,,
,,,,,,,
,,,,,,,
,,,,,,,
,,,,,,,
,,,,,,,
,,,,,,,
,,,,,,,
,,,,,,,
,,,,,,,
,,,,,,,
,,,,,,,
,,,,,,,
,,,,,,,
,,,,,,,
,,,,,,,
,,,,,,,
,,,,,,,
,,,,,,,
,,,,,,,
,,,,,,,
,,,,,,,
,,,,,,,
,,,,,,,
,,,,,,,
,,,,,,,
,,,,,,,
,,,,,,,
,,,,,,,
,,,,,,,
,,,,,,,
,,,,,,,
,,,,,,,
,,,,,,,
,,,,,,,
,,,,,,,
,,,,,,,
,,,,,,,
,,,,,,,
,,,,,,,
,,,,,,,
,,,,,,,
,,,,,,,
,,,,,,,
,,,,,,,
打,DA,u,strike・hit,INT,打撃。打開。打率。代打。打者。打倒,打診。打破。一打。打球。打算的打。ち消す,打つ。打ち込む。打ち合わせ。値打ち。打付ける
払,FUTSU,hara,pay・clear out,INT,払拭,不払い。利払い。支払日。払い戻す,払う。支払う。酔っ払い。払い込む
扱,,atsuka,handle・treat・entertain,INT,扱い。扱い方。取扱店。宅扱い,取り扱い。取扱注意。扱いやすい,扱う。取り扱う。優先扱い。特別扱い
投,TOU,na,throw・discard・abandon,INT,投票。投資。投入。投手。投機。投稿,投下。投薬。投球。投函。投書。投票権,投げる。投じる。投げ出す。投げ込む
折,SETSU,o,fold・break・yield,INT,骨折。折角。折衝。屈折。折衷。折半,時折。挫折。左折。右折。曲折。転折,折る。折れる。折り紙。折り合う。折り返す
技,GI,waza,skill・art・craft・ability・feat,INT,技。競技。技術。技師。演技。技能,球技。球技。技法。特技。屋内競技,競技場。技術者。技術的。科学技術。技術革新
批,HI,,criticism・strike,ADV,批評。批判。非難。批准,批点。猛批判,批判的。批評家。匿名批評
抗,KOU,,resist・defy・confront・oppose,ADV,抵抗。反抗。抗議。対抗。抗争。抗体,抗原。抗告。抗日。抗菌。抗戦。抗力,抗生物質。抵抗力。抗する。無抵抗。抵抗器
択,TAKU,,choose・select・elect・prefer,ADV,選択。採択。選択中。選択制,択一。択伐。項目選択。自然選択,選択肢。二者択一。群選択。多肢選択
把,HA,,grasp・bunch,ADV,把握。把捉,一把,大雑把。現状把握。動向把握。要点把握
抜,BATSU,nu,extract・pull out・remove,INT,海抜。抜群。奇抜。選抜。抜粋。見抜く,抜き。抜本的。骨抜き。生え抜き。切り抜き,抜く。抜ける。抜かす。抜け出す。引き抜く
抑,YOKU,osa,repress・push・seal,ADV,抑圧。抑制 。抑揚。抑留。抑止,抑え。汗抑え。核抑止。抑制剤,抑える。人口抑制。抑止信号。排出抑制
招,SHOU,mane,beckon・invite・summon,INT,招集。召喚。招致。招請,招待席。招待券。招待日,招く。招待状。招待客。招き入れる
承,SHOU,uketamawa,hear・listen to・informed・receive,INT,承諾。承知。承認。了承。継承。伝承,承服。承継。拝承。奉承。承引,承る。承諾書。不承認。承知の上で
拡,KAKU,,broaden・extend・expand・enlarge,ADV,拡散。拡大。拡張。拡充。軍拡,拡張性。不拡大。拡大率。事業拡充,拡張子。拡大鏡。拡声器。符号拡張
担,TAN,katsu・nina,shoulder・carry・bear,INT,担当。負担。分担。担保。担任。加担,担架。担ぎ。担い手,担ぐ。担う。担当者。担ぎ込む。担ぎ出す
拝,HAI,oga,worship・adore・pray to,INT,拝見。崇拝。拝借。礼拝。参拝。拝観,拝啓。拝金,拝む。崇拝者。礼拝堂
拒,KYO,koba,repel・refuse・reject・decline,ADV,拒否。拒絶。拒止。着拒,峻拒。抗拒,拒む。拒否権。拒絶反応
拠,KYO・KO,,foothold・based on・follow,ADV,証拠。根拠。拠点。本拠。占拠。拠出,論拠。準拠。原拠。典拠。根拠地,証拠品。状況証拠。証拠隠滅。法的根拠
拘,KOU,,arrest・seize・adhere,ADV,拘束。拘留。拘置。拘禁,拘泥。拘束力。拘束圧。身柄拘束,拘る。拘置所。拘束時間。法的拘束力
,,,,,,,
,,,,,,,
,,,,,,,
,,,,,,,
,,,,,,,
,,,,,,,
,,,,,,,
,,,,,,,
,,,,,,,
,,,,,,,
,,,,,,,
,,,,,,,
,,,,,,,
,,,,,,,
,,,,,,,
,,,,,,,
,,,,,,,
,,,,,,,
,,,,,,,
,,,,,,,
,,,,,,,
,,,,,,,
,,,,,,,
,,,,,,,
,,,,,,,
,,,,,,,
,,,,,,,
,,,,,,,
,,,,,,,
,,,,,,,
,,,,,,,
,,,,,,,
,,,,,,,
,,,,,,,
,,,,,,,
,,,,,,,
,,,,,,,
,,,,,,,
,,,,,,,
,,,,,,,
,,,,,,,
,,,,,,,
,,,,,,,
,,,,,,,
,,,,,,,
,,,,,,,
,,,,,,,
,,,,,,,
,,,,,,,
,,,,,,,
,,,,,,,
,,,,,,,
,,,,,,,
,,,,,,,
,,,,,,,
,,,,,,,
,,,,,,,
,,,,,,,
,,,,,,,
,,,,,,,
,,,,,,,
,,,,,,,
,,,,,,,
,,,,,,,
,,,,,,,
,,,,,,,
,,,,,,,
,,,,,,,
,,,,,,,
,,,,,,,
,,,,,,,
,,,,,,,
,,,,,,,
,,,,,,,
,,,,,,,
,,,,,,,
,,,,,,,
,,,,,,,
,,,,,,,
,,,,,,,
,,,,,,,
,,,,,,,
,,,,,,,
,,,,,,,
,,,,,,,
,,,,,,,
,,,,,,,
,,,,,,,
,,,,,,,
,,,,,,,
,,,,,,,
,,,,,,,
,,,,,,,
,,,,,,,
,,,,,,,
,,,,,,,
,,,,,,,
,,,,,,,
,,,,,,,
,,,,,,,
,,,,,,,
,,,,,,,
,,,,,,,
,,,,,,,
,,,,,,,
,,,,,,,
,,,,,,,
,,,,,,,
,,,,,,,
,,,,,,,
,,,,,,,
,,,,,,,
,,,,,,,
,,,,,,,
,,,,,,,
,,,,,,,
,,,,,,,
,,,,,,,
,,,,,,,
,,,,,,,
,,,,,,,
,,,,,,,
,,,,,,,
,,,,,,,
,,,,,,,
,,,,,,,
,,,,,,,
,,,,,,,
,,,,,,,
,,,,,,,
,,,,,,,
,,,,,,,
,,,,,,,
,,,,,,,
,,,,,,,
,,,,,,,
,,,,,,,
,,,,,,,
,,,,,,,
,,,,,,,
,,,,,,,
,,,,,,,
,,,,,,,
,,,,,,,
,,,,,,,
,,,,,,,
,,,,,,,
,,,,,,,
,,,,,,,
,,,,,,,
,,,,,,,
,,,,,,,
,,,,,,,
,,,,,,,
,,,,,,,
,,,,,,,
,,,,,,,
,,,,,,,
,,,,,,,
,,,,,,,
,,,,,,,
,,,,,,,
,,,,,,,
,,,,,,,
,,,,,,,
,,,,,,,
,,,,,,,
,,,,,,,
,,,,,,,
,,,,,,,
,,,,,,,
,,,,,,,
,,,,,,,
,,,,,,,
,,,,,,,
,,,,,,,
,,,,,,,
,,,,,,,
,,,,,,,
,,,,,,,
,,,,,,,
,,,,,,,
,,,,,,,
,,,,,,,
,,,,,,,
,,,,,,,
,,,,,,,
,,,,,,,
,,,,,,,
,,,,,,,
,,,,,,,
,,,,,,,
,,,,,,,
,,,,,,,
,,,,,,,
,,,,,,,
,,,,,,,
,,,,,,,
,,,,,,,
,,,,,,,
,,,,,,,
,,,,,,,
,,,,,,,
,,,,,,,
,,,,,,,
,,,,,,,
,,,,,,,
,,,,,,,
,,,,,,,
,,,,,,,
,,,,,,,
,,,,,,,
,,,,,,,
,,,,,,,
,,,,,,,
,,,,,,,
,,,,,,,
,,,,,,,
,,,,,,,
,,,,,,,
,,,,,,,
,,,,,,,
,,,,,,,
,,,,,,,
,,,,,,,
,,,,,,,
,,,,,,,
,,,,,,,
,,,,,,,
,,,,,,,
,,,,,,,
,,,,,,,
,,,,,,,
,,,,,,,
,,,,,,,
,,,,,,,
,,,,,,,
,,,,,,,
,,,,,,,
,,,,,,,
,,,,,,,
,,,,,,,
,,,,,,,
,,,,,,,
,,,,,,,
,,,,,,,
,,,,,,,
,,,,,,,
,,,,,,,
,,,,,,,
,,,,,,,
,,,,,,,
,,,,,,,
,,,,,,,
,,,,,,,
,,,,,,,
,,,,,,,
,,,,,,,
,,,,,,,
,,,,,,,
,,,,,,,
,,,,,,,
,,,,,,,
,,,,,,,
,,,,,,,
,,,,,,,
,,,,,,,
,,,,,,,
,,,,,,,
,,,,,,,
,,,,,,,
,,,,,,,
,,,,,,,
,,,,,,,
,,,,,,,
,,,,,,,
,,,,,,,
,,,,,,,
,,,,,,,
,,,,,,,
,,,,,,,
,,,,,,,
,,,,,,,
,,,,,,,
,,,,,,,
,,,,,,,
,,,,,,,
,,,,,,,
,,,,,,,
,,,,,,,
,,,,,,,
,,,,,,,
,,,,,,,
,,,,,,,
,,,,,,,
,,,,,,,
,,,,,,,
,,,,,,,
,,,,,,,
,,,,,,,
,,,,,,,
,,,,,,,
,,,,,,,
,,,,,,,
,,,,,,,
,,,,,,,
,,,,,,,
,,,,,,,
,,,,,,,
,,,,,,,
,,,,,,,
称,SHOU,,praise・admire・name・title・fame,ADV,名称。称号。敬称。愛称。自称。略称,呼称。対称。通称。公称。仮称。総称,称する。称える。対称性。正式名称。詐称
租,SO,,tariff・crop tax・borrow,ADV,租税。租界。地租。租借,免租。田租。公租。年租,租借地。租借権。免租地
秩,CHITSU,,regularity・salary・order,ADV,秩序,法秩序。海洋秩序。世界秩序,無秩序。秩序正しい。秩序維持
移,I,utsu,shift・move・change・drift,INT,移民。移動。移転。移住。移行。移植,推移。移譲。移籍。移管。変移。移設,移る。移す。移り変わり。移動平均
税,ZEI,,tax・duty,INT,税関。関税。税金。課税。免税。脱税,税率。減税。税制。増税。税法。税収,所得税。消費税。税務署。税理士。税込み
程,TEI,hodo,extent・degree・formula,ADV,程。程度。過程。日程。課程。音程,余程。然程。工程。行程。射程。規程,方程式。それ程。なる程。旅程。修士課程
稚,CHI,,immature・young,INT,幼稚。稚魚。稚拙。丁稚,,幼稚園。幼稚園児。丁稚奉公
種,SHU,tane,species・kind・class・variety・seed,INT,種。人種。品種。種類。各種。種子,一種。種々。雑種。機種。種目。種族,火種。多種。接種。数種。職種。業種。種類豊富
穀,KOKU,,cereals・grain,ADV,穀物。穀類。雑穀。穀倉。米穀。脱穀,,穀粒。脱穀機。米穀商。全粒穀物
稲,TOU,ine・ina,rice plant,ADV,稲。稲作。稲妻。水稲。稲田。稲荷,,稲刈り
稼,KA,kase,earnings・work・earn,ADV,稼働。稼業。稼ぎ方,稼ぎ手。旅稼ぎ。時間稼ぎ。小遣い稼ぎ。再稼働,"稼ぐ。共稼ぎ。出稼ぎ。稼げる。稼働率
"
稿,KOU,,draft・copy・manuscript,ADV,稿。原稿。投稿。寄稿。草稿。稿料,送稿。初稿。本稿。旧稿,原稿用紙。決定稿。未定稿。準備稿。原稿台
