Concept,Sentences,Translation,S1,T1,S2,T2,Meaning,Remarks,Structure
ない,日本語が分からない。,I don't understand Japanese.,日本食は食べないです。,I don't eat Japanese food.,彼女は着物を着ない。,She does not wear a kimono.,"do not, will not",【informal: negative】,⚭ Vneg-stem + nai → Vnai
ないで,彼は傘を持たないで出て行った。,He left without having an umbrella.,宿題をしないで学校に出かけてしまいました。,I left for school without doing my homework.,僕たちは誰にも気付かれないで村を出てきたんだ。,We left the village without having anyone noticing.,"without doing, without having done",【connective: negative】,⚭ Vneg-stem + naide → Vnaide
ないでください,時間に遅れないでください。,Please don’t be late.,ここで写真を撮らないでください。,Please do not take pictures here.,ここでタバコを吸わないでください。,Please don't smoke in here.,please do not,【request: negative】,⚭ Vnai + de kudasai 
ないほうがいい,無理しないほうがいいです。,It’s better not to work too hard.,空きっ腹に飲まないほうがいいですよ。,You shouldn't drink it on an empty stomach.,子供の周りにタバコを吸わないほうがいいね。,You shouldn’t smoke around children.,"better not to, should not",【suggestion: negative】,⚭ Vnai + hou ga ii desu 
なかった,お金がなかったです。,I didn't have any money.,英語がわらなかった。,I didn't understand English.,お友達は昨日来なかったです。,Your friend didn't show up yesterday.,in-formal past negative,【informal: past-negative】,⚭ Vneg-stem + nakatta → Vnakatta
なくて,お客さんが来なくてどうしますか。,What will you do If the guests does not come?,今日は寒くなくてよかったです。,I'm glad it wasn't cold today.,電車が来なくて遅刻しました。,The train didn't come so I was late.,"not doing, not having",【cause・reason: negative】,⚭ Vneg-stem + nakute
なくても,会社に行かなくても仕事があります。,I still have to work even if I don’t go to the company.,一時間しか寝なくても元気です。,I am fine even if I only sleep for an hour.,静かでなくても勉強できます。,I can study even if it is not quite.,even if i don’t,【connective: negative】,⚭ Vneg-stem + nakute mo
なくてもいい,わさびを食べなくてもいいです。,It’s ok not to eat wasabi,日本語で書きなくてもいいです。,You don’t have to write in Japanese,予約しなくてもいいです。,It’s ok to not to make a reservation.,"it’s ok not to, you don’t have to",【non-compelling】,⚭ Vneg-stem + nakute mo ii (desu)
なかったら,行かなかったらお母さんは怒るでしょう。,Your mother will be very angry if you don't go.,ご飯を全部食べなかったらデザートは無しよ。,"If you don’t finish your meal, you can’t have dessert.",単語の意味がわからなかったら辞書で調べてください。,"If you do not know the meaning of a word, look it up in the dictionary.",if or when i don’t,【conditional: negative】,⚭ Vneg-stem + nakatta → Vnakattara
なければ,聞かなければ分かりません。,You won’t know if you don’t ask.,お友達が来なければ電話をしてください。,"If your friend doesn't show up, give us a call.",差し支えなければご提示ください。,Please present if you do not mind.,if i don’t ,【conditional: negative】,⚭ Vneg-stem + nakereba → Vnakereba
なくてだめです,お父さんも来なくてはだめです。,Your father has to come too.,それを食べなくてだめですよ。,You have to eat it.,働かなくてはだめだよ。,You have to work.,"should, must, have to",【obligation】,⚭ Vneg-stem + nakute (wa) dame desu
なくていけません,３時に薬を飲まなくてはいけません。,I have to take medicine at 3:00.,ここで写真を撮ってはいけません。,You must not take photo here.,映画館の中で携帯を使ってはいけません。,You must not use cellphones inside the theater.,"should, must, have to",【obligation】,⚭ Vneg-stem + nakute (wa) ikemasen
なくてなりません,毎日学校に行かなくてはなりません。,I have to go to school every day.,彼にあったら謝らなくてはならないよ。,You will have to apologize when you see him.,私たちは環境を守るように努力しなくてはならない。,We must strive to protect our environment.,"should, must, have to",【obligation】,⚭ Vneg-stem + nakute (wa) narimasen
なければいけません,６時までに空港に着かなければいけません。,You must be at the airport by 6:00 a.m.,６時に起きなければいけません。,You have to get up at 6:00 am.,早くおきなければいけません。,You have to get up early.,"should, must, have to",【obligation】,⚭ Vneg-stem + nakereba ikemasen
なければなりません,誰かがスピーチをしなければなりません。,Someone has to give a speech.,靴を脱がなければなりません。,You must take off your shoes.,子供はもっと外で遊ばなければなりませんよ。,Kids should play outside more.,"should, must, have to",【obligation】,⚭ Vneg-stem + nakereba narimasen
ないとだめです,毎日学校に行かないとだめです。,You have to go to school every day.,専門家が長期的にやらないとだめです。,It needs to be done by professionals on a long-term basis.,十分濡らさないとだめです。,It must be sufficiently wet.,"should, must, have to",【obligation】,⚭ Vneg-stem + naito dame desu
ないといけません,宿題をしないといけません。,I have to do my homework.,私たちはそれに取り組まないといけません。,We have to work on that.,それで何かができないといけません。,So something has to be done.,"should, must, have to",【obligation】,⚭ Vneg-stem + naito ikemasen
なきゃいけません,今日は早めに帰らなきゃいけません。,I have to leave earlier today.,君はもっと努力しなきゃいけません。,You have to work harder.,すぐに家に帰らなきゃいけません。,You must go home immediately.,"should, must, have to",【obligation】,⚭ Vneg-stem + nakya ikemasen
なきゃ,ご飯を食べなきゃ。,I have to eat.,もっと軽くしなきゃ。,We need to lighten up.,今日の約束キャンセルしなきゃ。,I have to cancel today's appointment.,"should, must, have to",【obligation】,⚭ Vneg-stem + nakya
なくちゃ,勉強しなくちゃ。,I have to study.,明日までに家賃を払わなくちゃ。,I have to pay the rent by tomorrow.,私たちは自分の健康には十分注意しなくちゃ。,We have to be very careful about our own health.,"should, must, have to",【obligation】,⚭ Vneg-stem + nakucha
ないと,学校に行かないと。,I have to go to school.,これくらいは耐えないと。,We have to endure this much.,食事と睡眠だけはきちんと取らないと。,I just need to eat and sleep properly.,"should, must, have to",【obligation】,⚭ Vneg-stem + naito
ずに,明日忘れずに彼に会って下さい。,Don't forget to see him tomorrow.,今朝、私は朝ごはんを食べずに学校に来ました。,This morning I came to school without breakfast.,左右を見ずに道を渡ると危ないです。,It is dangerous to cross the street without looking both ways.,without doing ,【non-obligatory】,⚭ Vneg-stem + zuni
せずに,勉強せずに試験に受かった。,I took the exam without studying.,連絡せずに会社を休みました。,I took a day off from work without calling.,ユーザーに確認せずにスワップを実行する。,Perform a swap without confirmation from the user.,without doing ,【non-obligatory】,⚭ Vsuru-stem + sezuni
ずにすむ,予約しておいたおかげで待たずに済みました。,"Thanks to my appointment, I did not have to wait.",今年の夏は涼しかったのでエアコンを使わずに済みました。,This summer was cool enough that I did not need to use the air conditioner.,お店の商品を壊してしまったが必死に謝ったらお金を払わずに済んだ。,"I broke a product in a store, but I apologized desperately and didn't have to pay for it.","get by without doing, don’t have to, came to an end without doing",【non-obligatory】,⚭ Vneg-stem + zuni sumu
ないですむ,人身事故で電車が遅れたがあまり待たないで済んだ。,"The train was delayed due to a personal injury, but we didn't have to wait too long",彼氏が車で迎えに来てくれたので歩かないで済みました。,My boyfriend drove to pick me up so I didn't have to walk.,私が欲しかった参考書をくれたので買わないで済みました。,He gave me the reference book I wanted so I didn't have to buy it.,"get by without doing, don’t have to, came to an end without doing",【non-obligatory】,⚭ Vneg-stem + naide sumu
なくてすむ,今日は３０分早く起きたので慌てなくて済みました。,"I woke up half an hour earlier today, so I didn't have to panic!",図書館を利用すれば高い本は買わなくて済みますよ。,You don't have to buy expensive books if you use the library.,学校なんかに通わなくて済むでしょ。,You wouldn't have to go to school or anything.,"get by without doing, don’t have to, came to an end without doing",【non-obligatory】,⚭ Vneg-stem + nakute sumu
ずにはいられない,彼女を愛さずにはいられないなあ。,I can't help but love her.,どうしても聞かずにはいられない。,I just can't help but ask.,みんなは買かわずにはいられないものはありますか。,Is there anything you all can't help but buy?,can’t help but do,【compelled】,⚭ Vneg-stem + zuni wa irarenai
,,,,,,,,,
,,,,,,,,,
,,,,,,,,,
,,,,,,,,,
,,,,,,,,,
,,,,,,,,,
,,,,,,,,,
,,,,,,,,,
,,,,,,,,,
,,,,,,,,,
,,,,,,,,,
,,,,,,,,,
,,,,,,,,,
,,,,,,,,,
,,,,,,,,,
,,,,,,,,,
,,,,,,,,,
,,,,,,,,,
,,,,,,,,,
,,,,,,,,,
,,,,,,,,,
,,,,,,,,,
,,,,,,,,,
,,,,,,,,,
,,,,,,,,,
,,,,,,,,,
,,,,,,,,,
,,,,,,,,,
られる,ポリッジが誰かに食べられた。,The porridge was eaten by somebody.,財布は泥棒に盗まれました。,My wallet was stolen by a thief.,彼はみんなに知られています。,He is known by everyone.,"has, have, had, get, got by someone",【passive form: receptive form】,⚭ Vneg-stem + reru・rareru → Vpass
られる,見られた。,Someone saw me.,先生に質問されました。,I was asked a question by the teacher.,パンが誰かに食べられた。,The bread was eaten by somebody.,"has, have, had, get, got by someone",【passive form: receptive form】,⚭ Vneg-stem + reru・rareru → Vpass
られる,この本は多くの人に読まれている。,This book is being read by a large number of people.,窓は田中さんに開けられた。,The window was opened by Mr. Tanaka.,田中さんに窓を開けられた。,Mr. Tanaka opened the window.,"has, have, had, get, got by someone",【passive form: receptive form】,⚭ Vneg-stem + reru・rareru → Vpass
られる,田中さんに家を建てられた。,Mr. Tanaka built a house.,外国人に質問を聞かれた。,I was asked a question by a foreigner.,彼女に料理がまずかったって言われた。,She told me that the food was bad.,"has, have, had, get, got by someone",【passive form: receptive form】,⚭ Vneg-stem + reru・rareru → Vpass
られる,お母さんに変だと言われます。,I am told by my mother that I am strange,財布をの盗まれました。,My wallet was stolen.,隣の人に答えを見られました。,The person next to me saw the answer.,"has, have, had, get, got by someone",【passive form: receptive form】,⚭ Vneg-stem + reru・rareru → Vpass
られる,私は先生に評価される。,I am evaluated by the teacher.,新しいシステムが導入されました。,A new system has been introduced.,黒板が消されました。,The blackboard has been erased.,"has, have, had, get, got by someone",【passive form: receptive form】,⚭ Vneg-stem + reru・rareru → Vpass
,,,,,,,,,
,,,,,,,,,
,,,,,,,,,
,,,,,,,,,
,,,,,,,,,
,,,,,,,,,
,,,,,,,,,
,,,,,,,,,
,,,,,,,,,
させる,先生が学生に宿題をたくさんさせた。,Teacher made students do lots of homework,公園で子供を遊ばせる。,Let the kids play in the park.,僕のバーガーを食べさせる。,I let them eat my burger.,"cause someone to do,  let・make someone do",【causative】,⚭ Vneg-stem + saseru・seru → Vcau
させる,教師が学生に賓を読ませた。,The teacher made the students read the book,親が子供に宿題をさせた。,The parent made the child do homework.,私は妹に昼ご飯を作らせた。,I made my sister make lunch.,"cause someone to do,  let・make someone do",【causative: transitive verb】,⚭ N ga N ni N o + Vcau
させる,息子に部屋を掃除させる。,Make your son clean his room.,友達にタバコをやめさせる。,Make a friend quit smoking.,先生は私に論文を書かせた。,The teacher made me write an article.,"cause someone to do,  let・make someone do",【causative: transitive verb】,⚭ N ga N ni N o + Vcau
させる,私が子供を買い物に行かせた。,I had the children go shopping,私は仲間を死なせてしまったことを後悔している。,I regret that I let my friend die.,大きな契約だから新入社員に行かせるのは心配だ。,It's a big contract so I'm worried about letting the new guy go.,"cause someone to do,  let・make someone do",【causative: intransitive verb】,⚭ N ga N ni・o + Vcau
させる,彼はいつも冗談を言ってみんなを笑わせる。,He always telling jokes and making everyone laugh,私は子供の頃は乱暴で近所の子をよく泣かせれいた。,君が彼女を泣かせた時私はいつも彼女の為にその場にいた。,笑わせる講談は存在しない。,There is no such thing as a lecture that makes you laugh.,"cause someone to do, induce someone to do","【causative: intransitive verb, involuntary】",⚭ N ga N o + Vcau
させる,シャーベットは果汁を凍らせて作ります。,Sherbert is made by freezing fruit juice.,打撲の傷みにはタオルを水で湿らせて冷やすとよい。,"To ease the ache of a bruise, it’s good to cool it with a wet towel.",金融不安が日本の経済状態を悪化させる原因となっている。,Financial instability is causing the economic situation in Japan to deteriorate.,"cause someone to do, induce someone to do",【causative: convert intransitive to transitive】,⚭ N ga N o + Vcau
させる,仕事を終おわらせる。,Finish the job.,子供たちは目を輝かせて話に聞き入っている。,"The children are listening intently to the story, their eyes sparkling.",猫は目を光らせて暗闇に潜んでいる。,"The cat is lurking in the darkness, its eyes sharp.","cause someone to do, induce someone to do",【causative: convert intransitive to transitive】,⚭ N ga N o + Vcau
させてあげる,私は田中さんに運転させてあげる。,I let Mr. Tanaka to drive,私は友達にコンピューターを使わせてあげた。,I let my friend use the computer.,そんなにこの仕事がやりたいのならやらせてあげましょう。,"If you want to do this job so much, I will let you do it.","give a cause to do,  let someone do",【causative: inner to outer circle】,⚭ Vcau + ageru 
させてあげる,母親は子供を遊びに行かせてあげた。,The mother let her child go to play.,彼女は老人に道路を渡らせてあげた。,She let the old man cross the road.,本当はもっと遊ばせてあげたいんですが。,I'd really like to let them play more.,"give a cause to do,  let someone do",【causative: inner to outer circle】,⚭ Vcau + ageru
させてくれる,田中さんは私に運転させてくれる。,Mr. Tanaka let me drive,学校にも行かせてくれなかった。,They wouldn't even let me go to school.,あなたを微笑ませてくれる作品です。,It is a work of art that will make you smile.,"give a cause to do,  let someone do",【causative: outer to inner circle】,⚭ Vcau + kureru 
させてくれる,同僚が(私に)手料理を食べさせてくれた。,My colleague let me eat his/her homemade dish.,先生が妹にノートを写させてくださった。,The teacher let my younger sister copy his/her notebook.,両親が早く亡くなったので姉が働いて私を大学に行かせてくれた。,"My parents died early, so my sister worked to send me to college.","give a cause to do,  let someone do",【causative: outer to inner circle】,⚭ Vcau + kureru・kudasaru
させてもらう,私は田中さんに運転させてもらう。,I have Mr. Tanaka to let me drive.,私は両親に留学させてもらった。,I had my parents let me study abroad.,金婚式の祝いに子供たちにハワイに行かせてもらった。,My kids sent us to Hawaii to celebrate our golden wedding anniversary.,"receive a cause to do, have someone to let someone do",【causative-receptive】,⚭ Vcau + morau
させていただく,私は上司に極秘書類を読ませていただいた。,My boss let me read the top-secret document.,失礼ついでに言わせていただく。,Let me say one more thing.,このサービスを中止させていただく場合があります。,We may discontinue this service at any time.,"receive a cause to do, have someone to let someone do",【causative-receptive】,⚭ Vcau + itadaku
させてください,申し訳ありませんが今日は少し早く帰らせてください。,"I’m very sorry, but please let me go home a little early today.",あなたのバッグを運ばせてください。,Please allow me to carry your bag.,しかし全く違う問題について話させてください。,But let me talk about a completely different issue.,"permit a cause to do, allow to do, request for permission",【causative】,⚭ Vcau + kudasai
させていただけます,少し考えさせていただけますか。,Could you give me some time to think it over?,もう行かせていただけませんか。,Will you please let me go now?,聞かせていただけませんか。,I would like to hear from you.,"permit a cause to do, allow to do, request for permission",【causative】,⚭ Vcau + itadakemasu
させておく,甘えて泣いているだけだからそのまま泣かせておきなさい。,"He is just crying like a spoilt baby, so leave him be and let him cry.",自分をそんなふうに人々に利用させておくべきではない。,You should not let people take advantage of you like that.,彼らの意識を一つの事柄に集中させておくためです。,It is to keep their attention focused on one thing.,"set a cause to do, non-interference",【causative】,⚭ Vneg-stem + sasete・sete + oku
,,,,,,,,,
,,,,,,,,,
,,,,,,,,,
,,,,,,,,,
させられる,朝ご飯は食べたくなかったのに食べさせられた。,"Despite not wanting to eat breakfast, I was made to eat it",公式に謝罪させられる。,Made to publicly apologize.,私はお母さんに宿題をさせられた。,I was made to do my homework by my mother.,forced to do something,【causative-passive】,⚭ Vneg-stem + saserareru・serareru → Vcau-pass
させられる,私は母に部屋を掃除させられた。,I was made to clean the room by my mother.,先輩に無理にお酒を飲ませられた。,A senior colleague forced me to drink alcohol.,昨日はお母さんに３時間も勉強させられた。,My mom made/forced me study for three hours yesterday.,forced to do something,【causative-passive】,⚭ Vneg-stem + saserareru・serareru → Vcau-pass
させられる,かれに料理させられた。,He made me cook.,彼に3時間も待たされた。,He made me wait over 3 hours.,金曜日には家族のレストランで手伝わせられる。,"On friday, I am forced to help out with the family restaurant.",forced to do something,【causative-passive】,⚭ Vneg-stem + saserareru・serareru → Vcau-pass
,,,,,,,,,
,,,,,,,,,
,,,,,,,,,
,,,,,,,,,
,,,,,,,,,
,,,,,,,,,
,,,,,,,,,
ます,毎朝新聞を読みます。,I read the newspaper every morning.,私は毎日走ります。,I run every day.,この薬はご飯を食べる前に飲みますか。,Do you take this medicine before eating?,present・future verb,【masu form: polite】,⚭ Vnoun-stem + masu → Vmasu
ません,まだ食べません。,I haven't eaten yet.,もちろん地域だけに限りません。,"Of course, it's not just limited to the region.",彼は明日行くかどうか分かりません。,He does not know if he will go tomorrow.,present・future negative verb,【masen form: negative polite】,⚭ Vnoun-stem  + masen
ました,昨夜テレビを見ましたか。,Did you watch TV last night?,彼女は映画を見に行きました。,She went to see a movie.,彼は明日来ると言いました。,He said he would come tomorrow.,past verb,【mashita form: past polite】,⚭ Vnoun-stem  + mashita
ませんでした,お友達は来ませんでした。,Your friend didn't come.,どこかでお会いしませんでしたか。,Have we met somewhere?,まったく気付きませんでした。,I was not aware of it at all.,past negative verb,【masen deshita form: past negative polite】,⚭ Vnoun-stem + masen deshita
ましょう,もう帰りましょう。,Let's go home.,明日三時に駅で会いましょう。,Let’s meet at the station at three o’clock tomorrow.,喫茶店に入って、コーヒーでも飲みましょう。,Let’s go to a coffee shop and drink a cup of coffee.,let’s..,【inclusive】,⚭ Vnoun-stem + mashou
ましょうか,荷物を持ちましょうか。,Shall I carry your bag?,エアコンを消しましょうか。,Shall I turn off the air conditioner?,駅まで迎えに行きましょうか。,Shall I pick you up at the station?,"shall I, shall we",【inclusive  query】,⚭ Vnoun-stem + mashouka 
たい,ラーメンが食べたいです。,I want to eat ramen.,日本へ行きたいです。,I want to go to Japan.,週末は映画をみたいです。,I want to watch a movie on weekends.,i want to,【 desiderative】,⚭ Vnoun-stem + tai (desu)
たくない,私は渋谷に行きたくない。 ,I do not want to go to Shibuya. ,もう勉強したくない。,I don't want to study anymore.,,,don’t want to,【 desiderative: negative】,⚭ Vnoun-stem + takunai (desu)
たかった,ジュースが飲みたかった。,I wanted to drink juice.,公園で 遊びたかったです。,I wanted to play in the park.,,,i wanted to,【 desiderative: past】,⚭ Vnoun-stem + takatta (desu)
たくなかった,彼は家族から離れたくなかった。,He didn't want to leave his family.,,,,,didn’t wanted to,【 desiderative: negative-past】,⚭ Vnoun-stem + takunakatta (desu)
すぎる,昨日ケーキを食べすぎました。,I ate too much cake yesterday,,,,,too much,,⚭ Vnoun-stem + sugiru 
にいきます,新宿ウニ映画を見に行きます。,I’ll go to Shinjuku to see a movie,,,,,go to do,【purpose】,⚭ Vnoun-stem + ni ikimasu 
あがる,お湯入れて出来上がります。,Add hot water and you're ready to go,,,,,"do upwards, be finished",,⚭ Vnoun-stem + agaru
あげる,仕事を仕上げれば帰ってもいいです。,You can go home if you finish your work,,,,,"do for someone, do upwards, finish doing (transitive)",,⚭ Vnoun-stem + ageru
ぶり,みんな申し分のないほどの緊張ぶりである,I can't complain of anyone's lack of attention,,,,,"style, manner",,⚭ Vnoun-stem + buri・bburi・ppuri
ぶり,社長の話しぶりでは、今年のボーナスはないようだ,"According to what the president told us, there may not be a bonus this year",,,,,"style, manner",,⚭ Vnoun-stem + buri・bburi・ppuri
だす,小鳥はパッと飛び出しました,The little bird took off in a flash,,,,,"do suddenly, suddenly starts doing",,⚭ Vnoun-stem + dasu
得る,考える得る全ての方法を試してみたがダメだった,"I tried every way I could think of, but no luck.",,,,,"can, is possible",,⚭ Vnoun-stem + eru・uru
得る,地震がいつ来るかなんて予測し得ないことだ,It's impossible to predict when an earthquake will hit.,,,,,"can, is possible",,⚭ Vnoun-stem + eru・uru
得る,今の気持ちは言葉で言い表し得ない,There are no words to describe how I feel right now.,,,,,"can, is possible",,⚭ Vnoun-stem + eru・uru
得る,お酒の飲み過ぎやタバコの吸いすぎは病気の原因になり得ます,Drinking too much alcohol and smoking too much can cause disease.,,,,,"can, is possible",,⚭ Vnoun-stem + eru・uru
気味,彼女は少し緊張気味だた,She was a little tense,,,,,"seems somewhat (often used for negative connotation) be a little, have a touch of",,⚭ Vnoun-stem + gimi
気味,現在の内閣の支持率は発足時よりやや下がり気味である,The approval rate of the present cabinet is trending a little lower that when it took office,,,,,"seems somewhat (often used for negative connotation) be a little, have a touch of",,⚭ Vnoun-stem + gimi
気味,ちょっと遅れ気味なので補習授業を行いましょう,"We are a little behind, so we'll have a make-up class.",,,,,"seems somewhat (often used for negative connotation) be a little, have a touch of",,⚭ Vnoun-stem + gimi
はじめる,もう遅いですから勉強し始めなくてはいけません,"Since it’s late, I have to start studying",,,,,begin doing,,⚭ Vnoun-stem + hajimeru
かねない,こんなに暑いと熱中症になりかねないよ,"It's so hot, you could get heat stroke.",,,,,"might, possible, quite capable of, could happen",,⚭ Vnoun-stem + kanenai
かねない,健康的な生活を送らないと体調を崩しかねません,"If you don't lead a healthy life, you may get sick.",,,,,"might, possible, quite capable of, could happen",,⚭ Vnoun-stem + kanenai
かねない,誤解を招きかねない表現だから、まだ教えるのはよそう,"It's a misleading expression, so let's not teach it yet.",,,,,"might, possible, quite capable of, could happen",,⚭ Vnoun-stem + kanenai
かねない,このまま放置しておくと大問題に発展しかねない,"If left unchecked, this could turn into a big problem.",,,,,"might, possible, quite capable of, could happen",,⚭ Vnoun-stem + kanenai
かた,すき焼きの作り方を教えてください,Please teach me how to make sukiyaki,,,,,"way・method of doing, how to  (verb to noun)",,⚭ Vnoun-stem + kata
こむ,生年月日をここに書き込んでください,Please write your date of birth here,,,,,"do in, into",,⚭ Vnoun-stem + komu
ながら,新聞を読みながら事務所に入りました,I went into the office to read the newspaper,,,,,while doing ,,⚭ Vnoun-stem + nagara
ながら,わたしはいつも料理の本を見ながら料理を作ります,I always cook from a cookbook.,,,,,While,,⚭ Vnoun-stem + nagara
ながら,発音のテープを聞きながら、日本語の勉強をした,I studied Japanese while listening to a pronunciation tape.,,,,,While,,⚭ Vnoun-stem + nagara
なければだめです,宿題をしなければだめだった,I had to do my homework,,,,,"must, have to (obligation)",,⚭ Vnoun-stem + nakereba dame desu
なければいけません,毎日学校に行かなければいけません,I have to go to school every day,,,,,"must, have to (obligation)",,⚭ Vnoun-stem + nakereba ikemasen
なければなりません,帰らなければなりません,I have to go back,,,,,"must, have to (obligation)",,⚭ Vnoun-stem + nakereba narimasen
なさい,お父さんに聞きなさいよ,You should ask your father.,,,,,abrupt command,,⚭ Vnoun-stem + nasai
にいく,デパートへ靴を買いに行きました,I went to the department store to buy some shoes,,,,,go somewhere to do,,⚭ Vnoun-stem + ni iku
にくる,お母さんと話に来ました,I came to talk to your mother,,,,,come somewhere to do,,⚭ Vnoun-stem + ni kuru
にくい,あの本はちょっと読みにくいです,That book is a little hard to read,,,,,difficult to (creates a true adjective),,⚭ Vnoun-stem + nikui
おわる,食べ終わってすぐ出かけました,I went out right after I finished eating,,,,,finish doing,,⚭ Vnoun-stem + owaru
しだい,スケジュールが決まり次第、すぐ知らせてください,Please let me know as soon as you have a schedule.,,,,,"as soon as, the moment that",,⚭ Vnoun-stem + shidai
しだい,向こうから連絡があり次第、出発しましょう,Let's leave as soon as we hear from the other side.,,,,,"as soon as, the moment that",,⚭ Vnoun-stem + shidai
そう,あの人は倒れそうです,That man is about to fall down.,,,,,"appears to be about to, looks like",,⚭ Vnoun-stem + sou (desu)
そう,子供は泣きそうな顔をしています,The child looks like she's about to cry.,,,,,"appears to be about to, looks like",,⚭ Vnoun-stem + sou (desu)
すぎる,昨夜飲みすぎましたから今日具合が悪いです,"I drank too much last night, so I'm not feeling well today.",,,,,do too much,,⚭ Vnoun-stem + sugiru
たがる,子供はアイスクリムを食べたがりました,The child wants to eat an ice-cream.,,,,,"want to, wish to",,⚭ Vnoun-stem + tagaru
たい,もう遅いから帰りたいです,"It's late, I want to go home.",,,,,want to,,⚭ Vnoun-stem + tai (desu)
たかった,エンターテイナーになりたかったです,I wanted to be an entertainer.,,,,,wanted to,,⚭ Vnoun-stem + takatta
たくない,まだ帰りたくない人は手をあげてください,Raise your hand if you don't want to go home yet.,,,,,don’t want to,,⚭ Vnoun-stem + takunai
つつ,電車に揺られつつ、２時間ほどいい気持ちで眠った,He slept for about two hours with a good feeling while being rocked by the train,,,,,while,,⚭ Vnoun-stem + tsutsu
つつ,山に登りつつ、人は人生についてさまざまなことを考える,"While climbing a mountain, one thinks a lot about life.",,,,,while,,⚭ Vnoun-stem + tsutsu
つずける,1時間ぐらい歩続けました,He walked for about an hour.,,,,,continue doing,,⚭ Vnoun-stem + tsuzukeru
やすい,フォークは使いやすいです,The fork is easy to use,,,,,easy to (creates a true adjective),,⚭ Vnoun-stem + yasui
ずにいろ,これで、もう一ヶ月を飲まずにいることになる,"As of now, I’ve gone month without drinking any alcohol.",,,,,express the state of not doing a certain action,,⚭ Vnoun-stem + zuni iru
ずにおく,明日病院で検査を受けるなら夕飯は食べずにおいた方がいいんじゃないですか?,"If you are going to have tests done at the hospital tomorrow, isn’t it better not to have any dinner?",,,,,express that for some reason a certain action is deliberately not taken,,⚭ Vnoun-stem + zuni oku
ずにはすまない,親戚皆が出席するならうちも行かずにはすまないだろう,"If all my relatives are going to be there, we probably have no choice but to go",,,,,can’t help but do,,⚭ Vnoun-stem + zuni sumanai
ずにすむ,いい薬ができたので手術せずにすんだ,"Now that we have a better drug, we don't have to operate.",,,,,express not to do the previous plan or have been avoided,,⚭ Vnoun-stem + zuni sumu
ずにはいられない,彼女の気持ちを思うと、自分のしたことを悔やまずにはいられない,"When I think of how she feels, I can't help but regret what I've done.",,,,,"can’t help but do, situation or action bound to occur",,⚭ Vnoun-stem + zuni wa irarenai
甲斐がある,毎日練習した甲斐があって日本語が上手にできるようになった,It was worth practicing every day and now I can speak Japanese well.,,,,,it’s worth one’s efforts to do something,,⚭ Vnoun-stem・Vplain + kai ga aru
甲斐がある,お客さんに喜んでもらえるとこの仕事はやり甲斐があると思う,I think this job is worthwhile when the customers are happy.,,,,,it’s worth one’s efforts to do something,,⚭ Vnoun-stem・Vplain + kai ga aru
られる,ポリッジが誰かに食べられた,The porridge was eaten by somebody,,,,,passive,,⚭ Vneg-stem + reru・rareru → Vpass
,,,,,,,,,
,,,,,,,,,
,,,,,,,,,
,,,,,,,,,
,,,,,,,,,
,,,,,,,,,
,,,,,,,,,
,,,,,,,,,
,,,,,,,,,
,,,,,,,,,
,,,,,,,,,
,,,,,,,,,
,,,,,,,,,
,,,,,,,,,
,,,,,,,,,
,,,,,,,,,
,,,,,,,,,
,,,,,,,,,
,,,,,,,,,
,,,,,,,,,
,,,,,,,,,
,,,,,,,,,
,,,,,,,,,
,,,,,,,,,
,,,,,,,,,
,,,,,,,,,
,,,,,,,,,
,,,,,,,,,
,,,,,,,,,
,,,,,,,,,
,,,,,,,,,
,,,,,,,,,
,,,,,,,,,
,,,,,,,,,
,,,,,,,,,
,,,,,,,,,
,,,,,,,,,
だけあって,この場所は有名なだけあってたくさんの観光客が人がいる,Precisely because this place is so famous so there are a lot of tourists here.,,,,,"being the case, precisely because, so, since",,⚭ Vplain + dake atte
だけあって,料理教室に通っているだけあって彼女の作る料理はとても美味しい,"Since she has been taking cooking classes, her food is very delicious.",,,,,"being the case, precisely because, so, since",,⚭ Vplain + dake atte
だけましだ,毎日毎日残業で大変だが、残業代が全て出るだけましだ,"It's hard work, working overtime every day, but I'm glad I get paid for all my overtime.",,,,,"it’s better than.., one should feel grateful for",,⚭ Vplain + dake mashida
だけましだ,ガンの手術で貯金のほとんどが無くなってしまったが、命があるだけましだ,"Cancer surgery has wiped out most of our savings, but we're lucky to have life.",,,,,"it’s better than.., one should feel grateful for",,⚭ Vplain + dake mashida
だけに,田中さんは留学経験があるだけに、英語の発音が綺麗だ,"Ms. Tanaka has studied abroad, so her English pronunciation is beautiful.",,,,,"being the case, precisely because, as one would expect, so, since",,⚭ Vplain + dake ni
だけに,初めての海外旅行なだけに、かなり心配だ,"It's my first trip abroad, so I'm pretty worried.",,,,,"being the case, precisely because, as one would expect, so, since",,⚭ Vplain + dake ni
だけに,早く試験の準備をしただけに 、いい点が取れた,I was able to get a good score because I prepared for the exam early.,,,,,"being the case, precisely because, as one would expect, so, since",,⚭ Vplain + dake ni
だけに,不合格と思っていただけに、合格通知が来たときは嬉しかった,I was so happy when I got the acceptance letter because I thought I was going to fail.,,,,,"being the case, precisely because, as one would expect, so, since",,⚭ Vplain + dake ni
どころではない,隣の部屋がうるさすぎて寝るどころではない,The room next door is too noisy for me to sleep.,,,,,"in no way, not the place for, not the time for, not level of",,⚭ Vplain + dewanai
どころではない,今日はお客さんが多すぎて休憩どころではない,There are too many customers today for me to take a break.,,,,,"in no way, not the place for, not the time for, not level of",,⚭ Vplain + dewanai
はず,部長はまだ会議室にいるはずです,The manager should still be in the meeting room,,,,,Should Verb (expectation),,⚭ Vplain + hazu desu
以上(は),給料をもらっている以上，働かねばならない,"As long as I am paid, I have to work.",,,,,"as long as, since, now that, once",,⚭ Vplain + ijou
以上(は),それを見た以上は信じざるを得ない,"Since/Now that I have seen it, I cannot help believing it.",,,,,"as long as, since, now that, once",,⚭ Vplain + ijou
以上(は),仕事を引き受けた以上は，全力を尽くさなければならない,"Once you have accepted a job, you must work hard at it.",,,,,"as long as, since, now that, once",,⚭ Vplain + ijou
以上(は),多数決で決まった以上、不満であったとしても文句は言えない,"As long as it's decided by majority vote, you can't complain if you're not happy.",,,,,"as long as, since, now that, once",,⚭ Vplain + ijou
以上(は),高いお金を払って入会した以上、必ず成果を出してみせる,"Since I paid a lot of money to join the club, I'll make sure I get results.",,,,,"as long as, since, now that, once",,⚭ Vplain + ijou
以上(は),一度やると決めた以上は、最後まで責任を持ってやらないと,"Once you've decided to do something, you have to be responsible for it until the end.",,,,,"as long as, since, now that, once",,⚭ Vplain + ijou
以上に,私はあなたが思っている以上に注意深くあなたを見守ってきた,I've been watching you more carefully than you know.,,,,,"more than, not less than, over, above",,⚭ Vplain + ijou ni
以上に,人間は自分が思っている以上に忍耐強いものだ,Humans are more patient than they think they are.,,,,,"more than, not less than, over, above",,⚭ Vplain + ijou ni
どころじゃない,風邪がひどくて遊びに行くどころじゃない,I've got a bad cold and can't go out to play.,,,,,"in no way, not the place for, not the time for, not level of",,⚭ Vplain + janai
どころじゃない,旅行中にお腹を壊して観光どころじゃなかった,I had a stomach ache during the trip and couldn't see the sights.,,,,,"in no way, not the place for, not the time for, not level of",,⚭ Vplain + janai
か決めていません,いつ帰るかまだ決めていません,I haven’t decided yet when to go back,,,,,i haven’t decided to (yet) (QW),,⚭ Vplain + ka (mada) kimeteimasen
か覚えていません,ここまでどうやって来ましたか覚えていません,I don’t remember how we arrived here,,,,,i don’t remember (QW),,⚭ Vplain + ka oboeteimasen　
かと思う,間に合わないかと思ったよ,I was afraid I wouldn't make it in time.,,,,,"to think something isn’t sure, improper, or questionable",,⚭ Vplain + ka to omou
かと思う,暗闇で迷子になるんじゃないかと思った,I thought I'd get lost in the dark.,,,,,"to think something isn’t sure, improper, or questionable",,⚭ Vplain + ka to omou
かと思う,てっきりずっと日本にいるかと思ったよ,I thought I'd be in Japan forever.,,,,,"to think something isn’t sure, improper, or questionable",,⚭ Vplain + ka to omou
かわからない,何時に来るか分からない,I don't know what time she will come,,,,,i don't know (what・where・who),,⚭ Vplain + ka wakaranai 
かどうか決めていない,近藤さんの送別会に行くかどうかまだ決めていません,I haven’t  decided if I’ll go to Kondo-san’s farewell party,,,,,i haven’t decided whether or not to,,⚭ Vplain + kadouka kimeteinai  
かどうか覚えていない,出かける前に鍵をかけましたかどうか覚えていない,I don't remember  whether or not I locked the door before leaving,,,,,i don’t remember whether or not,,⚭ Vplain + kadouka oboeteinai  
かどうかわからない,JLPT　を受けるかどうかわかりません,I don't know If I’ll take the JLPT or not,,,,,i don’t know whether or not to,,⚭ Vplain + kadouka wakaranai
からといって,野菜が嫌いだからといって食べないのはよくないよ,Just because you don't like vegetables doesn't mean you shouldn't eat them.,,,,,just because,,⚭ Vplain + kara toitte
からといって,日本語が話せるからといって日本語が教えられるとは限らない,Just because you speak Japanese doesn't mean you can teach it.,,,,,just because,,⚭ Vplain + kara toitte
にすぎない,彼のスピーチは他の人を真似したにすぎない,His speech was merely an imitation of the others.,,,,,"no more than, just, merely, only",,⚭ Vplain + ni suginai
にすぎない,英語が話せるといっても簡単な会話ができるにすぎません,"Although I said that I can speak English, I can only use simple expressions.",,,,,"no more than, just, merely, only",,⚭ Vplain + ni suginai
ので,仕事が遺書がしのでレッスンを休みます,I'll miss the lesson because  I’m busy at work,,,,,"since, because",,⚭ Vplain + node
おり（に）,このことは今度お目にかかった折に詳しくお話しいたします,I'll tell you more about this the next time we see each other.,,,,,whenever there is an occasion,,⚭ Vplain + ori (ni)
おり（に）,このことは今度お目にかかった折に詳しくお話しいたします,I'll tell you more about this the next time we see each other.,,,,,whenever there is an occasion,,⚭ Vplain + ori (ni)
さい（に）,非常の際はエレベーターを使わずに、階段をご利用ください,"In case of emergency, please use the stairs instead of the elevator.",,,,,"when, on the occasion of",,⚭ Vplain + sai (ni)
さい（に）,国を出る際に、友人、知人からたくさんのお金を借りたのです,"When I left the country, I borrowed a lot of money from friends and acquaintances.",,,,,"when, on the occasion of",,⚭ Vplain + sai (ni)
とき,母は本を読むとき、めがねをかけます,My mother wears glasses when she reads.,,,,,when,,⚭ Vplain + toki
とき,旅行するとき私は飛行機の方を好みます,I prefer to fly when I travel.,,,,,when,,⚭ Vplain + toki
かもしれません,明日は雨が降るかもしれません,It might rain tomorrow,,,,,it might..,,⚭ Vplain-nonpast + mitai desu 
とおもう,部長はもう帰ったと思います,I think the manager already went home,,,,,i think..,,⚭ Vplain-past + kamoshiremasen 
かもしれません,セールは昨日までだったかもしれません,The sale might have been until yesterday,,,,,might have been..,,⚭ Vplain-past + mitai desu
みたい,この曲は人気があるみたいです,This song seems to be popular,,,,,seems to be..,,⚭ Vplain-past + to omou・omoimasu 
ばかりに,受験票を忘れたばかりにテストを受けることができなかった,"Simply because I forgot my test voucher, I couldn’t take the test.",,,,,simply because (negative・bad outcome),,⚭ Vplain・Vta + bakari ni
ばかりに,ちょっとした油断をしたばかりに大怪我をしてしまった,"Simply because I was just a little careless, I got seriously injured.",,,,,simply because (negative・bad outcome),,⚭ Vplain・Vta + bakari ni
だけでなく..も,図書館では本が借りられるだけでなく勉強もできる。,"At the library, you can not only borrow books but also study.",トムさんは日本語だけでなく中国語も話せる。,Tom can speak Chinese as well as Japanese,,,not only but also,,⚭ Vru + dake de naku.. mo
,,,,,,,,,
,,,,,,,,,
,,,,,,,,,
,,,,,,,,,
,,,,,,,,,
,,,,,,,,,
,,,,,,,,,
,,,,,,,,,
,,,,,,,,,
,,,,,,,,,
,,,,,,,,,
,,,,,,,,,
,,,,,,,,,
,,,,,,,,,
,,,,,,,,,
,,,,,,,,,
,,,,,,,,,
,,,,,,,,,
,,,,,,,,,
,,,,,,,,,
,,,,,,,,,
,,,,,,,,,
,,,,,,,,,
,,,,,,,,,
,,,,,,,,,
,,,,,,,,,
,,,,,,,,,
,,,,,,,,,
,,,,,,,,,
,,,,,,,,,
,,,,,,,,,
,,,,,,,,,
,,,,,,,,,
,,,,,,,,,
,,,,,,,,,
,,,,,,,,,
,,,,,,,,,
,,,,,,,,,
,,,,,,,,,
,,,,,,,,,
,,,,,,,,,
,,,,,,,,,
,,,,,,,,,
,,,,,,,,,
,,,,,,,,,
,,,,,,,,,
,,,,,,,,,
,,,,,,,,,
,,,,,,,,,
,,,,,,,,,
,,,,,,,,,
,,,,,,,,,
がはやいか,小田先生はチャイムが鳴るが早いか、教室に入ってきます,Mr. Oda walked into the classroom as soon as the bell rang.,,,,,"no sooner than, as soon as",,⚭ Vru + ga hayai ka
がはやいか,ひろ子は自転車に乗るが早いか、どんどん行ってしまった,"Hiroko got on her bike, but she was too fast for it.",,,,,"no sooner than, as soon as",,⚭ Vru + ga hayaika
ごとに,このシステムは半年ごとにアップデートされる,This system is updated every six months.,,,,,"each, every, at intervals of",,⚭ Vru + goto ni
ごとに,私の会社では２年ごとにパソコンを新しいものに交換する,"In my company, computers are replaced with new ones every two years.",,,,,"each, every, at intervals of",,⚭ Vru + goto ni
こと,私語は慎むこと,Refrain from whispering,,,,,"should do, may do, ought to",,⚭ Vru + koto
ことで,僕が十万円出すことで問題は解決した,"The problem was solved by my paying 100,000 yen.",,,,,"by doing, because, result in, cause",,⚭ Vru + koto de
ことで,僕が参加することであなたに迷惑はかかりませんか,Wouldn’t my participation cause you trouble,,,,,"by doing, because, result in, cause",,⚭ Vru + koto de
まえに,寝る前に飲みすぎないで,Don't drink too much before bed.,,,,,before,,⚭ Vru + mae ni
まえに,寝る前に歯をみがきなさい,Brush your teeth before going to bed.,,,,,before,,⚭ Vru + mae ni
なり,子どもは母親の顔を見るなり、ワッと泣き出しました,"As soon as the child saw his mother's face, he started to cry.",,,,,as soon as,,⚭ Vru + nari
なり,今度は横になるなりほぼ即座に寝ついていた,"This time, he lay down and fell asleep almost instantly",,,,,as soon as,,⚭ Vru + nari
にあたって,研究発表をするにあたって、しっかり準備をすることが必要だ,I need to be well prepared to present my research.,,,,,on the occasion of,,⚭ Vru + ni atatte
にあたって,研究発表をするにあたってしっかり準備をすることが必要だ,You need to be well prepared to present your research.,,,,,on the occasion of,,⚭ Vru + ni atte
にさきだって,出発に先立って、大きい荷物は全部送っておきました,"Before I left, I sent all my large luggage.",,,,,"as a precursor to, before",,⚭ Vru + ni saki datte
にさきだって,計画実行に先立って、周りの人たちの許可を求める必要がある,I need to ask for permission from the people around me before implementing my plan.,,,,,"as a precursor to, before",,⚭ Vru + ni saki datte
とともに,佐藤さんはわたしの親友であるとともに、人生の大先輩でもある,"Mr. Sato is not only my best friend, but also my senior in life.",,,,,"at the same time, together with",,⚭ Vru + totomoni
やいなや,ドアを開けるやいなやその猫は飛び出していった,"As soon as he opened the door, that cat ran out.",,,,,"no sooner than, as soon as, the moment that",,⚭ Vru + yainaya
やいなや,その男の人は部屋に入るや否や、いきなり大声で怒鳴り始めた,"As soon as she entered the room, the man suddenly started yelling at her.",,,,,"no sooner than, as soon as, the moment that",,⚭ Vru + yainaya
とともに,ベルが鳴るとともに、子どもたちはいっせいに運動場へ飛び出した,"When the bell rang, the children ran out into the playground at once.",,,,,"at the same time, together with",,⚭ Vru + totomo ni
うちに,独身のうちに、いろいろなことをやってみたいです,I want to do a lot of things while I'm still single.,,,,,while,,⚭ Vru・Vnai
反面,この薬はよく効く反面、副作用がある,This drug works well but on the other hand it has side effects.,,,,,"on the other hand, at the same time",,⚭ Vru・Vnai + hanmen
うちに,暗くならならないうちに家に帰らなければなりません,I have to get home before dark.,,,,,while,,⚭ Vru・Vnai + uchi ni
か〜ないかのうちに,授業が終わるか終わらないかのうちに彼は教室を出た,He left the classroom before the end of the class.,,,,,"Just barely when, As soon as",,⚭ Vru・Vnai・Vta
か〜ないかのうちに,娘が出かけるか出かけないかのうちに雨が降り出した,It started raining before she could go out.,,,,,"Just barely when, As soon as",,⚭ Vru・Vnai・Vta
ついでに,薬局へ薬を買いに行ったつでにトイレットペーパーも買ってきた,"I went to the pharmacy to buy some medicine, and I also bought some toilet paper.",,,,,"while, incidentally, when/after doing something..do also another thing",,⚭ Vru・Vta + ka to omou
そばから,私は聞いたそばから人の名前を忘れてしまう,I forget people's names as soon as I hear them.,,,,,as soon as,,⚭ Vru・Vta + sobakara
そばから,片付けるそばから子供がおもちゃを散らかす,The kids made a mess of their toys while I was cleaning up.,,,,,as soon as,,⚭ Vru・Vta + sobakara
あいだ,両親が旅行をしている間、ぼくが毎日食事を作りました,"While my parents were traveling, I cooked meals for them every day",,,,,throughout the time,,⚭ Vru・Vteiru + aida
あいだ,わたしは夏の間、ずっと北海道にいました,I've been in Hokkaido for the whole summer.,,,,,throughout the time,,⚭ Vru・Vteiru + aida ni
あいだに,夏休みの間に引っ越ししたいです,I want to move during the summer vacation.,,,,,"during, when",,⚭ Vru・Vteiru + aida ni
あいだに,私がバスを待っている間に交通事故を見ました,"While I was waiting for the bus, I saw a car accident.",,,,,"during, when",,⚭ Vru・Vteiru + aida ni
うちに,今は上手に話せなくても練習を重ねるうちに上手になります,"You may not be able to speak well now, but you will get better as you practice.",,,,,before you know it,,⚭ Vru・Vteiru + uchi ni
うちに,ふと外を見ると、気がつかないうちに雨が降り出していた,"I looked outside, and before I knew it, it started to rain.",,,,,before you know it,,⚭ Vru・Vteiru・Vnai + uchi ni
ところだ,ご飯を食べているところに電話がかかってきた,I was eating when I got a phone call.,,,,,"about to, In the midst of, just",,⚭ Vru・Vteiru・Vta・Vteita + tokoro
ところだ,時刻は間もなく３時になるところです,It's almost three o'clock in the morning.,,,,,"about to, In the midst of, just",,⚭ Vru・Vteiru・Vta・Vteita + tokoro da
こと,制服を着用のこと,Refrain from whispering,,,,,"should do, may do, ought to",,⚭ Vsuru-stem + no koto
だに,思い出すだに怒りで熱くなる,The memory of it makes me feel hot with anger,,,,,even,,⚭ Vdict + dani
だに,いま往時を回想するだに暗然たるものあり,I feel sick just thinking about those days,,,,,even,,⚭ Vdict + dani
まえに,寝る前に本を読みます,I read a book before going to sleep,,,,,before doing,,⚭ Vdict + mae ni 
のが下手です,絵を描くのが下手です,I am bad at drawing a picture,,,,,i am bad at,,⚭ Vdict + no ga heta desu
のが上手です,ピアノを弾くのが上手です,I am good at playing piano,,,,,i am good at,,⚭ Vdict + no ga jouzu
のが嫌いです,自転車に乗るのが嫌いです,I don’t like to ride a bicycle・I don’t like riding a bicycle,,,,,i don’t like to,,⚭ Vdict + no ga kirai desu 
のが苦手です,絵を描くのが苦手です,I am not good at drawing a picture,,,,,i am not good at,,⚭ Vdict + no ga nigate desu
のが好きです,サッカーを見るのが好きです,I like to watch soccer・I like watching soccer,,,,,i like to,,⚭ Vdict + no ga suki desu 
のが得意です,ピアノを弾くのが得意です,I am good at playing piano,,,,,i am good at (one’s forte),,⚭ Vdict + no ga tokui desu 
つもり,パーティーに行くつもりです,I intend to go to the party,,,,,i intend to,,⚭ Vdict + tsumori
ほど,おじさんは捨てるほどお金を持っています,Uncle has money to throw away extensively,,,,,"to the extent, so much that",,⚭ Vdict・Vru + hodo
かぎり,できるかぎり、努力します,I will try to the extent that it is possible,,,,,"to the extent that, in so far as, within the limits of",,⚭ Vdict・Vru + kagiri
かわりに,行くかわりに電話をしました,I phoned instead of going,,,,,"instead of, in place of, in exchange for",,⚭ Vdict・Vru + kawari (ni)
気がある,テニスをする気があれば、一緒にしましょうか,"If you’re a mind to play tennis, shall we play together",,,,,"be of a mind to, to have a mind to",,⚭ Vdict・Vru + ki ga aru
気がする,今日病気で、仕事をする気がしません,Today I am sick and don’t feel like working,,,,,"feel like doing, willing to do",,⚭ Vdict・Vru + ki ga suru
気になる,少しあるきまわると勉強する気になるでしょう,"If you walk around a little, you may come to feel like studying",,,,,come to feel like doing,,⚭ Vdict・Vru + ki ni naru
ことがある,時々を寿司を食べることがあります,I eat sushi from time to time,,,,,"ever do, occasionally do",,⚭ Vdict・Vru + koto ga aru
ことができる,お兄さんはギータを引くことができる,Older brother can play the guitar,,,,,"be able to do, can do",,⚭ Vdict・Vru + koto ga dekiru
ことになる,土曜日にも働くことになりました,"It turns out that I will be working on Saturday, also",,,,,"have been decided, come about",,⚭ Vdict・Vru + koto ni naru
ことにする,明日東京にい行くことにしました,I decided to go to Tokyo tomorrow,,,,,I have decided,,⚭ Vdict・Vru + koto ni suru
まで,新しいのを買うまで、これを使って下さい,Please use this until I buy a  new one,,,,,until (I) do,,⚭ Vdict・Vru + made
までに,お客さんが来るまでに、できあがると思います,I think it will be finished by the time the guests come,,,,,by the time (I) do,,⚭ Vdict・Vru + made ni
まえに,帰る前におお店によって下さい,Please go by the store before coming home,,,,,before doing,,⚭ Vdict・Vru + mae (ni)
もの,食べるものはありませんか,Don’t you have anything to eat,,,,,thing,,⚭ Vdict・Vru + mono
な,忘れるな,Don't forget,,,,,don’t do (abrupt negative command),,⚭ Vdict・Vru + na
ために,子供がわかるためにはっきりと説明して下さい,"In order for the children to understand, please explain clearly",,,,,"in order to, so that, for the sake of, because of",,⚭ Vdict・Vru + tame (ni)
と,東京によると友達にわあなくてはなりません,"If you stop by Tokyo, you must see my friend",,,,,if (I) do,,⚭ Vdict・Vru + to
としたら,車を買うとしたら、どんなものがいいかしら,"If we were to buy a car, what kind would be best",,,,,If (I) were to (emphatic conditional),,⚭ Vdict・Vru + to shitara
としても,お母さんに聞くとしても、お父さんが賛成しないと思います,"Even if we ask Mother, I think Father will not approve",,,,,even if,,⚭ Vdict・Vru + to shite mo
とすれば,お友達が来るとすれば、五月でしょう,"If your friend does come, It will probably be in May",,,,,If (I) were to (emphatic conditional),,⚭ Vdict・Vru + to sureba
とすると,もしハワイいに止まるとすると一晩だけでしょう,"If we do stop in Hawaii, I will probably be only one night",,,,,If (I) were to (emphatic conditional),,⚭ Vdict・Vru + to suru to
とちゅう,今会社へ行く途中です,I en route to the company now,,,,,"be en route, on the way",,⚭ Vdict・Vru + tochuu (desu)
ところ,今ちょっと出かけるところです,We are about to go out now,,,,,be about to,,⚭ Vdict・Vru + tokoro (desu)
つもり,明日電車で行くつもりです,I intend  to go by train tomorrow,,,,,intend to,,⚭ Vdict・Vru + tsumori (desu)
よてい,明日テニスをする予定です,I plan to play tennis tomorrow,,,,,plan to,,⚭ Vdict・Vru + yotei (desu)
ように,明日出かけられるように準備しています,I am preparing to be able to depart tomorrow,,,,,in order to,,⚭ Vdict・Vru + you ni
ようになる,お母さんが病気で病院に行くようになりました,"Mother was sick, so I wound up going to the hospital",,,,,"reach to a point, to get to a point",,⚭ Vdict・Vru + you ni naru
ようにする,やはり社長さんと話すようにしました,He decided to speak with the company president after all,,,,,try to do,,⚭ Vdict・Vru + you ni suru
 べからず,ここまで来るはよいが、先へ進むべからず,"You may come this far, but no farther",,,,,"must not, should not, do not",,⚭ Vdict + bekarazu・bekarazaru
 べからず,関係者以外立ち入るべからず,Authorized personnel only,,,,,"must not, should not, do not",,⚭ Vdict + bekarazu・bekarazaru
 べからず,芝生に立ち入るべからず,Don't enter the lawn,,,,,"must not, should not, do not",,⚭ Vdict + bekarazu・bekarazaru
べく,彼はサッカー選手になるべく、毎日厳しい練習をしている,He's been practicing hard every day in order to become a soccer player,,,,,"in order to, for the purpose of, must, should",,"⚭ Vdict + beku, suru → surubeku・subeku"
べく,ウイルスの感染経路を明らかにすべく調査が行われた,"In order to find the source of infection, an investigation is being carried out",,,,,"in order to, for the purpose of, must, should",,"⚭ Vdict + beku, suru → surubeku・subeku"
 べくもない,それは、否定すべくもない,No point denying it,,,,,can’t・cannot possibly be,,"⚭ Vdict + bekumonai, suru → subekumonai"
 べくもない,いまのままでは、状況の改善は望むべくもない,We can't expect the situation to improve at this rate,,,,,can’t・cannot possibly be,,"⚭ Vdict + bekumonai, suru → subekumonai"
 べくもない,土地が高い東京では、家などそう簡単に手に入るべくもない,You can't find a house easily in an expensive place like Tokyo,,,,,can’t・cannot possibly be,,"⚭ Vdict + bekumonai, suru → subekumonai"
 べくもない,主力が抜けているので、優勝は望むべくもない,"Without our main force, we can't expect to win",,,,,can’t・cannot possibly be,,"⚭ Vdict + bekumonai, suru → subekumonai"
,,,,,,,,,
,,,,,,,,,
,,,,,,,,,
,,,,,,,,,
,,,,,,,,,
,,,,,,,,,
,,,,,,,,,
,,,,,,,,,
,,,,,,,,,
,,,,,,,,,
,,,,,,,,,
,,,,,,,,,
,,,,,,,,,
,,,,,,,,,
,,,,,,,,,
,,,,,,,,,
,,,,,,,,,
ば,急げば間に合います。,"If we hurry, we can make it.",タクシーに乗れば間に合います。,You can make if if you take a taxi.,アイスクリームは少しだけ食べればいいです。,"If you only eat a little ice cream, it’s okay.",if・when (i) do,(conditional),⚭ Vcmd + ba → Vba
ばこそ,社長は親切であればこそ十万円くれたのだ。,The president has given me 100.000 yen because he is good.,優勝できたのは、チーム全員の協力あればこそだ。,We could only win because of our teamwork,,,only because,,⚭ Vba + koso
ばそれまでだ,この機械は水に弱い。水がかかればそれまでだ。,This machine is not water-resistant. It will be broken if you spill water on it,どんなに美しい花でも、散ってしまえばそれまでだ。,"No matter how beautiful flowers are, when they start to scatter it's over",,,if.. then it's over,,⚭ Vba + soremade da
ばよかった,もっと勉強すればよかった。,I should have studied harder,早く食べればよかったです。,I should have eaten sooner,,,"should have done, wish to do",,⚭ Vba + yokatta (desu)
えばいいですか,どうやって注文すればいいですか,How should I order,,,,,how/when/what/who should ,,⚭ Vba + ii desu ka
られる,寿司を食べられる。,I can eat sushi.,辛いものは食べられる？,Can you eat spicy food?,この箱を開けられるか。,Can you open this box?,can,potential form (group 2 verbs: ichidan),⚭ Vcmd-stem + rareru → Vpot
える,日本語が読める？,Can you read Japanese?,日本語が話せる？,Can you speak Japanese?,,,can,potential form (group 1 verbs: godan),⚭ Vcmd-stem + ru → Vpot
られます,窓を閉じられますか。,Can you close the window?,このボールを投げられますか。,Can you throw this ball?,,,can,potential form (group 2 verbs: ichidan) (polite),⚭ Vcmd-stem + masu → Vpot
られます,その痛みに耐えられますか？,Can you bear the pain?,,,,,can,potential form (group 2 verbs: ichidan) (polite),⚭ Vcmd-stem + masu → Vpot
えます,日本語が読めますか。,Can you read Japanese?,日本語が話せますか。,Can you speak Japanese?,,,can,potential form (group 1 verbs: godan) (polite),⚭ Vcmd-stem + masu → Vpot
えます,ギターが弾けます。,I can play the guitar,ここから富士山が見えます。,I can see Mount Fuji from here.,,,can,potential form (group 1 verbs: godan) (polite),⚭ Vcmd-stem + masu → Vpot
ものなら,やれるもんなら、やってみな,"If you can do it, do it.",,,,,if one can do something,,⚭ Vpot + mono nara
ものなら,この問題を一分で解けるものなら解いてみろ,"If you can solve this problem in a minute, go ahead and try to solve it.",,,,,if one can do something,,⚭ Vpot + mono nara
ものなら,逃げられるものなら逃げてみろ,"If you think you can escape, go ahead and try it.",,,,,if one can do something,,⚭ Vpot + mono nara
ものなら,そんな事を言おうものなら大変なことになる,"If you think you can escape, go ahead and try it.",,,,,if one can do something,,⚭ Vpot + mono nara
ようになりました,漢字が読めるようになりました,I became able to read kanji,,,,,I became able to,,⚭ Vpot + you ni narimashita
ようになる,まいにちれんしゅうすれば、およげるようになります,"If you practice everyday, you'll eventually be able to swim",,,,,to be able to,,⚭ Vpot + you ni naru 
,,,,,,,,,
,,,,,,,,,
,,,,,,,,,
,,,,,,,,,
,,,,,,,,,
,,,,,,,,,
,,,,,,,,,
,,,,,,,,,
,,,,,,,,,
,,,,,,,,,
,,,,,,,,,
,,,,,,,,,
,,,,,,,,,
,,,,,,,,,
,,,,,,,,,
,,,,,,,,,
,,,,,,,,,
,,,,,,,,,
,,,,,,,,,
,,,,,,,,,
,,,,,,,,,
,,,,,,,,,
,,,,,,,,,
,,,,,,,,,
,,,,,,,,,
,,,,,,,,,
,,,,,,,,,
,,,,,,,,,
,,,,,,,,,
,,,,,,,,,
,,,,,,,,,
,,,,,,,,,
,,,,,,,,,
おう,もう遅いから帰ろう,"It's late already, Let's go home",,,,,"let’s, shall we",(informal inclusive command),⚭ Vvol
おう,外に行きましょうか・外に行こう,Shall (we) go outside,,,,,"let’s, shall we (informal inclusive command)",(informal inclusive command),⚭ Vvol
よう,食べよう,Let's eat.,,,,,"let’s, shall we (informal inclusive command)",(informal inclusive command),⚭ Vvol
ではないか,みんなで遠足に行こうではないか,Why don't we all go on a field trip?,,,,,"let’s do (something), why don’t we",,⚭ Vvol + dewanaika
じゃないか,さあ、そろそろ行こうじゃないか？,"Well, shall we go?",,,,,"let’s do (something), why don’t we",,⚭ Vvol + janaika
おうか,1時半に始めようか,Shall we start at 1:30?,,,,,shall we.., (informal inclusive query),⚭ Vvol + ka
ようか,明日また来ようか,Shall we come again tomorrow?,,,,,shall we.. , (informal inclusive query),⚭ Vvol + ka
おうと思ったら,予約しようと思ったら、いっぱいでした,"When I tried to make a reservation, it was fully booked",,,,,When I tried to do..,,⚭ Vvol + to omottara
おうと思っている,今週は行こうと思っています,I am thinking of going this week,,,,,I am thinking of..,,⚭ Vvol + to omotteiru 
おうとおもう,今日友達の家に行こうと思います,I think I will go my friend's house today,,,,,i think i will,,⚭ Vvol + to omou
おうとおもう,明日また来ようと思っています,I am thinking I will come again tomorrow,,,,,i think i will,,⚭ Vvol + to omou
おうとしている,先生は授業を始めようとしています,The teacher is about to start class,,,,,"be about to, trying to, attempting to",(progressive form),⚭ Vvol + to shite iru
おうとしている,警察に電話しようとしています,He is about to call the police,,,,,"be about to, trying to, attempting to",(progressive form),⚭ Vvol + to shite iru
おうとする,ドアを開けようとしたが鍵がかかっていました,"I tried to open the door, but it was locked",,,,,"be about to, try to, attempt to",,⚭ Vvol + to suru
おうとする,お風呂に入ろうとしたら電話がかかってきた,"When I was about to take a bath, the phone rang",,,,,"be about to, try to, attempt to",,⚭ Vvol + to suru
おうとする,会社からまさに出ようとした時雨が降ってきた,"When I was just about to leave the office, it started to rain",,,,,"be about to, try to, attempt to",,⚭ Vvol + to suru
おうとする,電車に乗ろうとしたときにドアが閉まって乗れなかった,"When I tried to get on the train, the door closed and I couldn't get on",,,,,"be about to, try to, attempt to",,⚭ Vvol + to suru
,,,,,,,,,
,,,,,,,,,
,,,,,,,,,
,,,,,,,,,
,,,,,,,,,
,,,,,,,,,
,,,,,,,,,
,,,,,,,,,
,,,,,,,,,
,,,,,,,,,
,,,,,,,,,
,,,,,,,,,
,,,,,,,,,
,,,,,,,,,
,,,,,,,,,
,,,,,,,,,
,,,,,,,,,
,,,,,,,,,
,,,,,,,,,
,,,,,,,,,
,,,,,,,,,
,,,,,,,,,
,,,,,,,,,
,,,,,,,,,
,,,,,,,,,
,,,,,,,,,
,,,,,,,,,
,,,,,,,,,
,,,,,,,,,
,,,,,,,,,
,,,,,,,,,
,,,,,,,,,
,,,,,,,,,
た,少し休んだ。,I got some rest.,私は日本料理を食べた。,I ate Japanese food.,彼は眠れる場所を探した。,He looked for a place to sleep.,informal past ,,⚭ Vta
たあと,食べた後出かけました。,"After we ate, went out.",終わった後電話をします。,"After I'm done, I'll call you.",何マイルか走った後停止する。,"After a few miles, it comes to a stop.","after doing, after having done",,⚭ Vta + ato
あとで,私たちはしばらく歩いた後で湖に出た。,We walked for a while and then came to a lake.,テレビを見た後で宿題をする。,Do homework after watching television.,数分間議論した後で二人は合意に達した。,"After a few minutes of discussion, they came to an agreement.",after,,⚭ Vta + ato de
,,,,,,,,,
,,,,,,,,,
,,,,,,,,,
たばかり,いま食べたばかりです。,I just ate.,鈴木さんがついたばかりだと思います。,I think Mr. Suzuki just arrived,今うちに帰ってきたばかりなのでもう見ましたか,"I've just come back home, have you seen it yet?","have just done, just did",,⚭ Vta + bakari (desu)
,,,,,,,,,
,,,,,,,,,
,,,,,,,,,
たほうがいい,駅まではバス行ったほうがいいですよ。,It’s better to go by bus to the station.,もっと食料を得たほうがいい。,We should get more food.,ここで我々と居たほうがいい。,You should stay here with us.,Its better to,,⚭ Vta + hou ga ii desu 
,,,,,,,,,
たことがある,ロンドンに行ったことがありますか。,Have you ever been to London?,刺身を食べたことがありません。,I've never eaten raw fish before,富士山位登ったことがあります。,I have climbed Mount Fuji.,"have done, had been",,⚭ Vta + koto ga aru
,,,,,,,,,
とおもうと,あの子はやっと勉強を始めたかと思ったらもういねむりをしている。,"I thought she had finally started her studies, but she was already snoozing.",急に空が暗くなったかと思うと激しく雨が降り始めた。,"Suddenly, the sky darkened and it began to rain heavily.",,,"no sooner than, just when",,⚭ Vta + omou to
,,,,,,,,,
たら,お金がなくなったら困ります。,I would be in trouble if my money ran out,お金があったら世界中旅行します。,"If I had the money, I would travel around the world",それは落としたら割れるだろう。,That would break if dropped.,if,,⚭ Vta + ra
たら,夏休みになったら国へ帰ります。,I'm going back to my country after the summer vacation.,仕事が終わったら寄るわね。,I'll stop by after work.,学校が終わったらすぐ帰るのよ。,They go home right after school.,after,,⚭ Vta + ra
たら,駅に着いたら電話して下さい。,"When you arrive at the station, please give me a call",彼女を見つけたら知らせてくれ。,Let me know when you find her.,制限時間に達したらセッションを中止する。,Stop the session when the time limit is reached.,when,,⚭ Vta + ra 
,,,,,,,,,
,,,,,,,,,
たりする,学校が終わってから手紙を書いたり音楽を聞いたりします。,"After school, I write letters and listen to music",映画を見たり買い物をしたりします。,I do things like watching movies and going shopping,みんな写真を見たり撮ったりするために外に出た。,Everyone went outside to look at and take pictures.,"do things like -ing, -ing",,⚭ Vta + ri~tari suru
ために,先生が言ったために信じました。,"Because the teacher said, I believed it",手紙を受けたために電話をしました。,"Because I received your letter, I called you ",気分が悪いですがよく寝なかったためです。,"I don't feel well, but that's because I didn't sleep well","because of, as a result of",,⚭ Vta + tame (ni)
,,,,,,,,,
,,,,,,,,,
,,,,,,,,,
たところ,今食事が終わったところです。,I've just finished dinner,ちょうど宿題を終えたところだ。,Just finished my homework.,ちょうど自分の出番が終わったところ。,I just finished my turn.,"just did, have just done",,⚭ Vta + tokoro (desu)
たとたん,ずっと本を読んでいて急に立ち上がったとたんめまいがしました。,I was reading a book for a long time and suddenly I got up and felt dizzy.,出かけようと思って家を出たとたんに雨が降ってきた。,"As soon as I left the house to go out, it started to rain.",電話を切ったとたんにまた鳴り出した。,"As soon as I hung up the phone, it started ringing again.",as soon as,,⚭ Vta + totan ni
,,,,,,,,,
うえで,詳しいことはお目にかかった上で説明いたします。,I will explain the details to you when I see you.,どの大学を受験するか両親との相談の上で決めます。,"I'll decide which university to apply for, after consulting with my parents.",,,"after having, upon",,⚭ Vta + ue de
,,,,,,,,,
,,,,,,,,,
,,,,,,,,,
,,,,,,,,,
,,,,,,,,,
,,,,,,,,,
,,,,,,,,,
,,,,,,,,,
,,,,,,,,,
,,,,,,,,,
,,,,,,,,,
,,,,,,,,,
,,,,,,,,,
,,,,,,,,,
,,,,,,,,,
,,,,,,,,,
,,,,,,,,,
,,,,,,,,,
,,,,,,,,,
,,,,,,,,,
,,,,,,,,,
,,,,,,,,,
,,,,,,,,,
,,,,,,,,,
,,,,,,,,,
,,,,,,,,,
,,,,,,,,,
,,,,,,,,,
,,,,,,,,,
,,,,,,,,,
,,,,,,,,,
,,,,,,,,,
,,,,,,,,,
,,,,,,,,,
,,,,,,,,,
,,,,,,,,,
,,,,,,,,,
,,,,,,,,,
,,,,,,,,,
,,,,,,,,,
,,,,,,,,,
,,,,,,,,,
,,,,,,,,,
,,,,,,,,,
,,,,,,,,,
,,,,,,,,,
,,,,,,,,,
,,,,,,,,,
,,,,,,,,,
,,,,,,,,,
,,,,,,,,,
,,,,,,,,,
,,,,,,,,,
,,,,,,,,,
,,,,,,,,,
,,,,,,,,,
,,,,,,,,,
,,,,,,,,,
,,,,,,,,,
,,,,,,,,,
,,,,,,,,,
,,,,,,,,,
,,,,,,,,,
,,,,,,,,,
,,,,,,,,,
,,,,,,,,,
,,,,,,,,,
,,,,,,,,,
,,,,,,,,,
,,,,,,,,,
て,電気を消して部屋を出ます。,Turn off the lights and leave the room.,スーパーへ行ってたまごを買った。,I went to the supermarket and bought some eggs.,渋谷に行ってご飯を食べる。,I’ll go to Shibuya and eat some food,"and, then",,⚭ Vte
,,,,,,,,,
,,,,,,,,,
てあげる,地図を書いてあげましょうか。,Shall I draw you a map,私は友達に英語教えてあげました。,I taught my friend English,あなたをここから助けてあげる。,Let me help you out of here.,do for someone,,⚭ Vte + ageru
,,,,,,,,,
てある,手紙はもう書いてあります。,The letter have already been written,電気はもう点けてありました。,The lights have already been turned on,水と食料が置いてある。,There is water and food on site.,has been done,,⚭ Vte + aru
,,,,,,,,,
てはじめて,入院してはじめて健康のありがたさがわかりました。,It was only after I was hospitalized that I realized how much I appreciate my health.,大きな仕事は十分な準備があってはじめて成功するのだ。,A big job can only be successful if there is enough preparation.,救出されてはじめて彼女は食べた。,Only after being rescued did she eat.,"not until..that, only after",,⚭ Vte + hajimete
,,,,,,,,,
てほしい,ラーメンが食べて欲しいです。,I want you to eat ramen,お母さんに買って欲しいです。,I want my mom to buy it,野菜を食べて欲しかったです。,I wanted you to eat your vegetables,i want you to,,⚭ Vte + hoshii (desu)
,,,,,,,,,
,,,,,,,,,
,,,,,,,,,
,,,,,,,,,
ていく,先生と話して行きましょう。,Let’s talk with the teacher and go,,,,,"do and then go, do before going",,⚭ Vte + iku
ていらい,大学を卒業して以来田中さんには１度も会っていません。,I haven't seen Mr. Tanaka since I graduated from college.,来日以来父の友人のお宅にホームステイしています。,"Since coming to Japan, I have been staying with a friend of my father's.",,,ever since,,⚭ Vte + irai
,,,,,,,,,
ている,父は今新聞を読んでいます,My father is reading the newspaper right now.,,,,,continuous action (progressive form),,⚭ Vte + iru
ている,お店が開いています,The store is open.,,,,,continuous state (resultative form),,⚭ Vte + iru
ている,あの店では新しい野菜を売っています,The store is selling new vegetables.,,,,,habitual (repetitive form),,⚭ Vte + iru
ている,今日本語を勉強している,I’m studying Japanese now,,,,,Continuous action,,⚭ Vte + iru 
ている,埼玉に住んでいる,I’m living in Saitama,,,,,Continuous state,,⚭ Vte + iru 
ている,桜が咲いています,The cherry blossoms are booming,,,,,Has been -ing,,⚭ Vte + iru/imasu
ていた,昨日の夜８時ごろお風呂に入っていた,I was taking a bath about 8pm last night,,,,,I was -ing,,⚭ Vte + ita
ていた,10年前パリに住んでいた,I used to live in Paris ten years ago,,,,,I used to ,,⚭ Vte + ita
ていただきます,明日先生に教えていただきます,The doctor will tell us tomorrow.,,,,,have someone do,,⚭ Vte + itadakimasu
ていただきます,今晩電話をしていただけませんか,Could you please call me tonight?,,,,,have someone do,,⚭ Vte + itadakimasu
てから,食べてから宿題をする予定です,He is going to eat and then do his homework.,,,,,after doing,,⚭ Vte + kara
てから,この仕事をぜんぶやってからビールを飲みます,"After all this work, I'll have a beer.",,,,,After,,⚭ Vte + kara
てから,わたしが日本に来てから、もう４年たちました,It's been four years since I came to Japan.,,,,,Since,,⚭ Vte + kara
てから,新しい家を買うときは、よく調べてから買いましょう,"When buying a new house, do your research carefully before buying it",,,,,After,,⚭ Vte + kara
てから,たばこをやめてから、体重が急に増えた,My weight has suddenly increased since I quit smoking cigarettes.,,,,,Since,,⚭ Vte + kara
てからでないと,野菜を生で食べるなら、よく洗ってからでないと、農薬が心配だ,"If you are going to eat vegetables raw, you should wash them well before you eat them, otherwise you will be worried about pesticides.",,,,,Not until after,,⚭ Vte + kara de naito
てからでないと,田中さんは出張中だから、来週からでないと出社しません,"Mr. Tanaka is on a business trip, so he won't be coming to work until next week.",,,,,Not until after,,⚭ Vte + kara denaito
てからというもの,たばこを止めてからというもの、食欲が出て体の調子がとてもいい,"Since I quit smoking, my appetite has improved and I feel much better.",,,,,"From the time.., After, Since",,⚭ Vte + kara toiu mono
てからは,先月、禁煙してからは、１度もたばこを吸っていません,"Since I quit smoking last month, I haven't had a cigarette.",,,,,Ever since,,⚭ Vte + kara wa
てください,これを見てくださいますか,Will you look at this?,,,,,please do (polite request),,⚭ Vte + kudasai
てください,ゆっくり話してください,Please speak slowly,,,,,Please do,,⚭ Vte + kudasai
てくれる,友達が私に日本語教えてくれました,My friend taught me Japanese,,,,,Someone do (to me),,⚭ Vte + kureru 
てくる,食べてきました,I've eaten.,,,,,"do and come back, do/done before  coming",,⚭ Vte + kuru
てみる,美味しいですから食べてみてください,It's delicious. You should try it.,,,,,"do and see, try doing",,⚭ Vte + miru
てみる,怪しい音が聞こえたから部屋に入ってみました,"I heard some suspicious noises, so I went into the room.",,,,,"do and see, try doing",,⚭ Vte + miru
てみる,自分で作ってみます,I’ll try to make it myself,,,,,Try to,,⚭ Vte + miru/mimasu 
ても,友達が来ても出かけてはいけません,You shouldn't go out when your friends come.,,,,,even if (i) do,,⚭ Vte + mo
ても,走っても間に合わないと思います,I don't think I can run in time.,,,,,even if (i) do,,⚭ Vte + mo
てもだいじょうぶ,急がなくても大丈夫だよ,There's no need to hurry.,,,,,even if..it’s ok,,⚭ Vte + mo daijoubu (desu)
てもだいじょうぶ,試着ても大丈夫ですか,Can I try on a dress?,,,,,even if..it’s ok,,⚭ Vte + mo daijoubu (desu)
てもいい,今日早く帰ってもいいですか,May I leave early today,,,,,May I,,⚭ Vte + mo ii 
てもいい,早く帰ってもいいですか,Can I go home early?,,,,,it’s ok to,,⚭ Vte + mo ii (desu)
てもいい,少し食べてもいいです,I don't mind if you eat a little.,,,,,it’s ok to,,⚭ Vte + mo ii (desu)
てもいいですか,充電器を借りってもいいですか,May I borrow a charger,,,,,Is it ok to,,⚭ Vte + mo ii desu ka 
てもかまいません,質問しても構いませんか,Can I ask you a question?,,,,,even if..there is no problem,,⚭ Vte + mo kamaimasen
てもかまいません,窓を開けても構いませんか,Do you mind if I open the window?,,,,,even if..there is no problem,,⚭ Vte + mo kamaimasen
てもかまいません,随時に退席ても構いません,You may leave the room at any time.,,,,,even if..there is no problem,,⚭ Vte + mo kamaimasen
てもらえませんか,ひらがなで書いてもらえませんか,Could I have you write it in hiragana,,,,,Could I have you,,⚭ Vte + moraemasen ka
てもらえるかとうれしい,私が買い物から帰ってくるまでに掃除しておいてもらえると嬉しいんだけど,It would be nice if you could have it cleaned up by the time I get home from shopping.,,,,,request someone do (polite request),,⚭ Vte + moraeru to ureshii
てもらえるか,ちょっとドア閉めてもらえるか,Could you close the door for a second?,,,,,request someone do,,⚭ Vte + moraeru/moraenai ka
てもらう,少年は大人の友達にビールを買ってもらいました,The boy asked his adult friend to buy him a beer.,,,,,have someone do,,⚭ Vte + morau
てもらう,私は日本人の友達に日本料理を教えてもらった,I had a Japanese friend who taught me how to cook Japanese food.,,,,,I have/had someone do for me,,⚭ Vte + morau
てもらう,友達に宿題を手伝ってもらいました,I had my friend help me with my homework,,,,,I have someone do,,⚭ Vte + morau 
なんかいない,泣いてなんかいない、目にゴミが入っただけです,I'm not crying. I just got a speck in my eye.,,,,,emphasize that it is not true,,⚭ Vte + nanka inai
ておく,明日テストですから勉強しておきましょう,"You have a test tomorrow, so you'd better study.",,,,,"do for a later purpose, do and set aside, leave as is",,⚭ Vte + oku
ておく,窓を開けっ放しにあひておくな,Don't leave the window open.,,,,,"do for a later purpose, do and set aside, leave as is",,⚭ Vte + oku
ておく,予約しておきます,I'll make the reservation (in advance),,,,,Do in advance,,⚭ Vte + oku/okimasu  
てしまいました,財布を落としてしました,"Unfortunately, I dropped my wallet",,,,,"Ended up, Unfortunately doing, Completely done",,⚭ Vte + shimaishita
てしまう,考ええなくて言ってしまいました,I couldn't think of anything else to say.,,,,,"do completely, irrevocably, irretrievably",,⚭ Vte + shimau
てからというもの,息子が大学に入り家を出ていってからというもの、寂しくなった,"Since my son started college and left home, I've been lonely.",,,,,"From the time.., After, Since",,⚭ Vte + tekara toiumono
てはだめです,図書館の中で大声で反してはだめです,Don't talk loudly in the library.,,,,,"its not ok to, should not do",,⚭ Vte + wa dame desu
てはいけません,ここでタバコを吸ってはいけません,Don't smoke in here.,,,,,"its not ok to, should not do",,⚭ Vte + wa ikemasen
てやる,友達に見せてやろうと思います,I think I will show it to my friends,,,,,do for someone,,⚭ Vte + yaru
てやってもらえるか,悪いけどちょっと太郎の宿題を見てやってもらえるか,"I'm sorry, but can you help to look over Taro’s homework.",,,,,request someone do (some slight approval),,⚭ Vte + yatte + moraeru/moraenai ka
てからは,２年前に社会人になってからは、ひまな時間はほとんどありません,"Since I joined the workforce two years ago, I have very little free time",,,,,Ever since,,⚭ Vte kara wa
さいちゅう（に）,彼女はきゅうりを切っている最中だった,She was in the middle of cutting cucumbers.,,,,,In the middle of,,⚭ Vteiru + saichuu (ni)
さいちゅう（に）,今考えごとをしている最中だから、少し静かにしてください,"I'm in the middle of thinking, so please be a little quiet.",,,,,In the middle of,,⚭ Vteiru + saichuu (ni)
,,,,,,,,,
,,,,,,,,,
,,,,,,,,,
,,,,,,,,,
,,,,,,,,,
,,,,,,,,,
,,,,,,,,,
,,,,,,,,,
,,,,,,,,,
,,,,,,,,,
,,,,,,,,,
,,,,,,,,,
,,,,,,,,,
,,,,,,,,,
,,,,,,,,,
,,,,,,,,,
,,,,,,,,,
,,,,,,,,,
,,,,,,,,,
,,,,,,,,,
,,,,,,,,,
,,,,,,,,,
,,,,,,,,,
,,,,,,,,,
,,,,,,,,,
,,,,,,,,,
忘れてくる,教科書を忘れてきました,I forgot my textbook.,,,,,forgot to bring,,⚭ wasurete + kuru
やれ,やれ,Do!,,,,,abrupt command,,⚭ yaru → yare
あげる,私は友達にDVDをあげました,I gave my friend the DVD,,,,,I give..,,⚭ ageru
ない,お金がないです,I have no money,,,,,"do not, will not (informal negative)",,⚭ aru → nai
なかったら,お金がなかったら困ると思います,I think I'd be in trouble if I didn't have the money,,,,,if/when (i) don’t (conditional negative),,⚭ aru → nakattara
なければ,お金がなければ困ります,"If you don't have money, you're in trouble",,,,,if (i) don’t  (conditional negative),,⚭ aru → nakereba
なければなりません,お金がなければなりません,You have to have money,,,,,"must, have to (obligation)",,⚭ aru → nakereba narimasen
なくて,お金がなくて買いませんでした,"I didn't have any money, (so) I didn’t buy",,,,,"without doing, not doing (te-form of nai)",,⚭ aru → nakute
なくても,車がなくても行かなかればなりません,"Even if you don’t have a car, you have to go",,,,,even if (i) don’t,,⚭ aru → nakute mo
なくてもいい,車がなくてもいいです,It’s ok not to have a car,,,,,it’s ok not to,,⚭ aru → nakute mo ii (desu)
なくていけません,電話がなくてはいけません,You have to have a phone,,,,,"must, have to (obligation)",,⚭ aru + nakute (wa) ikemasen
ちゃった,食べちゃった,I ate it,,,,,"ended up, unfortunately doing, completely done",,⚭ chatta/jatta 
ふうに,そんなふうに考えただけで怒りがいや増してきた,Just thinking about it like that made me even angrier.,,,,,"this way, that way, in what way, how",,⚭ fun ni + Verb
ふうに,どんなふうに護られているのですか？,How is it protected?,,,,,"this way, that way, in what way, how",,⚭ fun ni + Verb
行ってくる,すみません、ちょっと行ってきます,"Excuse me, I have to go.",,,,,be (right) back,,⚭ itte + kuru
くれる,友達が私にお菓子をくれました,My frend gave me  snacks,,,,,gives me..,,⚭ kureru 
こい,来い,Come!,,,,,abrupt command,,⚭ kuru → koi
こよう,ビーチに来よう,Let's come to the beach,,,,,let’s..  (informal inclusive command),,⚭ kuru → koyou
くればよかった,早く来ればよかったです,I should have come earlier,,,,,"should have done, wish to do (kuru: kureba, suru: sureba)",,⚭ kuru → kureba yokatta (desu)
くれる,明日は来れるかな？,Can you come tomorrow?,,,,,potential form ( kuru: kureru),,⚭ kuru → kureru
ていません,まだ昼ごはんを食べていません,I haven’t eaten lunch yet,,,,,I haven’t yet,,⚭ mada ~ Vte + imasen 
もらう,友達に映画のチケットをもらいました,I got tickets to the movies from my friend,,,,,I receive..,,⚭ morau 
持っていく,この本を持って行きます,I will take this book with me,,,,,"take and go, take away with you (something)",,⚭ motte + iku
持ってくる,傘を持ってきませんでした,I didn't bring my umbrella.,,,,,bring something,,⚭ motte + kuru
なにも~ない,なにも匂いませんでしたよ,I didn't smell anything.,,,,,"there’s no need to.., nothing, (not) ~ at all",,⚭ nanimo + Vnai
なにも~ない,私たちはなにも話さなかった,We didn't talk about anything.,,,,,"there’s no need to.., nothing, (not) ~ at all",,⚭ nanimo + Vnai
なにも~ない,どのみち何も聞こえなかった,I didn't hear anything anyway.,,,,,"there’s no need to.., nothing, (not) ~ at all",,⚭ nanimo + Vnai
できる,静かに勉強できますか？,Can you study quietly?,,,,,potential form ( suru: dekiru),,⚭ suru → dekiru
できる,お手洗いをちょっとお借りできますか,Can I use your restroom for a moment?,,,,,potential form ( suru: dekiru),,⚭ suru → dekiru
できる,わたしはにほんごをはなすことができる,I can speak Japanese.,,,,,potential form ( suru: dekiru),,⚭ suru → dekiru
られる,ネタバレされた,Someone spoiled (the story),,,,,get・got by someone (passive form),,⚭ suru → sareru
られる,彼女に浮気された,She cheated on me (and I’m upset),,,,,get・got by someone (passive form),,⚭ suru → sareru
せよ,勉強せよ,Study!,,,,,abrupt command,,⚭ suru → seyo
しよう,明日試験ですから勉強しようよ,"We have an exam tomorrow, Let's study",,,,,let’s ,【informal inclusive command】,⚭ suru → shiyou
すればよかった,勉強すればよかったです,I should have studied,,,,,"should have done, wish to do (kuru: kureba, suru: sureba)",,⚭ suru → sureba yokatta (desu)
連れていく,映画にいくなのなら妹も連れていきなさい,"If you go to the movies, take your sister with you",,,,,"take and go, take away with you (someone)",,⚭ tsurete + iku
みたい,じょんさんは恣意ごとを辞めたみたいです,John-san seems to have quit his job,,,,,"seems to have been, looks like",,⚭ Vru・Vta＋mitai
